"","X1","X2","X3","X4","Y1","Y2","Y3","Y4","A1","A2","A3","A4","gam1","gam2","gam3","gam4"
"1",5,38,13,33,44,35,2,3,150,150,100,300,0.00025,-0.00025,0.001,0.001
"2",42,1,37,6,34,38,43,12,250,150,300,250,0.0015,0.001,0.00025,0.001
"3",12,1,6,36,36,34,2,11,300,150,200,100,0.00125,0.001,0.001,0.00175
"4",2,6,39,35,41,2,11,45,150,100,300,150,0,-5e-04,0.00075,0.0015
"5",43,8,37,45,37,34,5,13,150,250,200,100,0.002,5e-04,0.00025,0.00125
"6",42,7,42,2,8,10,41,1,200,200,300,100,5e-04,0.00175,0.00075,0.00175
"7",3,33,13,3,44,8,35,6,150,150,200,250,5e-04,0,0.002,5e-04
"8",10,11,42,43,1,43,37,13,300,250,150,250,0.00025,0.001,0.002,0.00075
"9",5,43,1,43,37,35,3,2,200,150,150,100,0.00125,-5e-04,0.0015,0
"10",45,35,7,9,34,13,43,5,100,250,150,300,0.00075,-0.00025,0,0.00125
"11",42,45,39,33,45,1,12,40,200,150,250,150,-5e-04,0.001,-0.00025,0
"12",43,36,41,8,4,34,44,1,250,250,100,300,5e-04,0.00075,0.001,0.00125
"13",41,33,7,1,3,37,13,33,250,150,300,200,0.00175,0.00025,0.00075,0.00025
"14",10,37,10,33,33,12,2,45,250,300,200,100,0.00025,0.0015,0.001,0.001
"15",34,34,12,45,9,35,4,45,200,100,150,300,0.001,0.00075,-5e-04,0.00125
"16",3,12,35,37,37,45,13,45,200,250,100,300,0.001,5e-04,0.00025,5e-04
"17",33,6,5,45,4,8,35,42,300,300,250,250,0.0015,0,0.00175,-0.00025
"18",41,43,9,36,1,44,3,33,150,250,250,100,0,5e-04,0.001,-0.00025
"19",34,2,10,42,33,6,34,45,250,100,300,300,0.002,-5e-04,-5e-04,5e-04
"20",11,7,2,39,33,45,8,5,100,250,250,100,0.00175,-0.00025,-0.00025,0
"21",12,43,1,11,2,33,35,40,150,150,200,250,0.00025,5e-04,-5e-04,0.00075
"22",45,41,9,3,35,4,8,45,100,250,150,200,0.00075,0.001,0,0.001
"23",34,7,3,3,10,42,13,2,250,250,300,300,0.001,0.00025,0.00025,-5e-04
"24",12,9,35,43,6,41,9,33,200,300,150,300,0.00075,-5e-04,0,0.0015
"25",10,45,1,34,2,33,8,37,150,100,200,150,0.00025,0.002,0.0015,0.00175
"26",2,13,36,36,36,5,33,12,250,250,200,100,0.00075,0,5e-04,0.002
"27",1,41,3,43,9,12,33,41,150,100,100,200,0.001,-0.00025,-5e-04,0.00025
"28",37,13,35,34,34,42,2,13,250,300,100,250,0.001,0.0015,5e-04,-5e-04
"29",38,12,3,35,2,7,12,38,300,150,100,250,0,0.00125,0.00175,0.0015
"30",10,1,35,44,3,12,33,1,200,150,300,250,5e-04,5e-04,-0.00025,0.001
"31",39,39,9,9,40,9,2,13,150,100,150,100,0.00025,0,-5e-04,-0.00025
"32",39,45,35,10,37,3,11,43,100,250,200,100,0.00075,5e-04,-5e-04,0.00025
"33",7,33,6,33,34,39,13,6,100,250,150,150,0.0015,0.0015,0.0015,-5e-04
"34",3,6,12,40,11,37,2,13,250,300,300,200,0.00075,0.00175,0.00125,0.00075
"35",40,10,1,40,7,13,1,38,250,200,300,150,-5e-04,0.00025,-5e-04,-5e-04
"36",36,12,42,3,45,39,33,10,200,300,200,250,0.001,0.00125,5e-04,0.0015
"37",41,3,35,43,12,6,36,44,100,100,100,250,0.00025,0.002,0.0015,0.00125
"38",9,34,44,13,40,3,13,9,200,100,200,150,0.002,0.002,-0.00025,0.00025
"39",36,45,2,36,9,45,42,36,100,100,300,150,0.00125,0.00175,0,0.00125
"40",36,5,4,40,45,42,2,7,150,250,250,250,5e-04,0.00175,-0.00025,0.0015
"41",2,12,44,9,38,42,2,8,100,150,250,100,0.0015,-5e-04,0.00125,0.0015
"42",7,43,11,35,7,35,44,10,250,150,300,200,0.00175,0,0.0015,-0.00025
"43",6,41,5,33,38,8,9,44,300,250,200,200,5e-04,0.00125,0.00025,0.001
"44",5,5,40,5,1,13,9,39,100,250,150,100,0,-0.00025,0.00075,0.00025
"45",43,36,3,4,13,42,37,12,250,300,200,200,0,5e-04,0.001,0.00075
"46",5,45,42,4,10,12,45,38,150,100,100,300,0.001,0.001,0.00025,-5e-04
"47",33,12,10,5,11,33,9,43,250,100,250,250,0.002,0.00025,0.00175,0.00025
"48",35,7,44,42,9,4,3,40,150,200,250,200,0.00125,0.001,0.00075,-0.00025
"49",34,3,44,8,36,4,34,42,100,150,100,150,0.002,0,0.00025,5e-04
"50",38,11,39,1,34,41,2,42,200,300,100,250,0.00075,-0.00025,0.00025,5e-04
"51",34,10,1,4,9,43,34,13,250,300,250,300,0,0.00075,0.00025,0
"52",45,7,42,39,3,5,33,44,300,300,250,150,0.0015,0.00075,0.00125,0.001
"53",37,37,11,13,7,33,33,43,150,250,250,300,0.0015,-5e-04,0.00075,0.00025
"54",8,10,37,4,33,2,1,12,100,200,250,200,0.00175,0.0015,0.00075,0.001
"55",13,42,44,36,34,1,37,10,200,200,250,100,0.00075,0.00175,5e-04,5e-04
"56",6,35,8,44,9,37,39,12,150,200,250,250,5e-04,0.00025,0.00125,0
"57",45,11,38,5,36,12,5,43,250,150,250,100,0.00075,-0.00025,0,0.00075
"58",4,37,11,33,8,45,42,12,100,250,100,200,0.00075,0.00125,0.001,0.0015
"59",42,2,5,13,44,43,2,9,150,150,250,100,0.00125,0.00175,0.00025,-5e-04
"60",39,13,43,3,35,8,7,9,100,250,200,150,0.00125,0,5e-04,5e-04
"61",3,44,12,37,33,33,11,2,200,300,100,100,-5e-04,0.001,0.001,0.00175
"62",1,42,13,12,40,1,42,8,150,200,200,250,0.002,0.0015,0.00075,0.0015
"63",43,6,8,8,44,11,1,42,250,200,100,200,0.00175,-0.00025,-5e-04,0
"64",3,2,10,39,45,11,4,35,300,100,200,100,0.00025,0.002,0,0.00175
"65",45,6,33,6,45,12,41,37,150,250,250,150,0.00025,-0.00025,0.00125,-0.00025
"66",1,11,35,45,34,1,12,10,100,150,150,150,5e-04,0.00075,0.00075,0
"67",36,36,2,13,38,1,33,39,200,150,150,250,0,0.0015,0.001,-0.00025
"68",37,45,39,11,45,9,34,39,200,250,250,150,0.00175,0.00175,0.00175,0.001
"69",4,9,35,4,13,38,33,2,100,300,150,100,0.00125,0.00125,0,0.00075
"70",34,5,37,2,4,6,35,37,300,100,150,250,0.00025,0.00075,-0.00025,-0.00025
"71",42,4,1,12,6,40,6,4,300,150,150,100,0.001,0.00125,0.00125,5e-04
"72",36,39,5,6,37,7,10,42,100,150,200,200,0.00025,0.0015,0,0.002
"73",13,5,43,1,12,36,40,11,250,150,200,250,0.002,0.001,0.00125,5e-04
"74",5,43,35,5,41,43,9,12,250,250,150,150,-5e-04,0.00125,0.00175,5e-04
"75",35,3,33,12,41,41,1,35,200,250,100,150,0.00125,0.002,0.002,0.00075
"76",37,3,35,13,6,9,38,3,150,250,100,150,0,0,-0.00025,0.0015
"77",34,12,45,3,38,34,1,39,200,250,300,250,0,0.00025,0.001,-0.00025
"78",3,41,12,40,38,2,6,44,100,300,250,200,-0.00025,5e-04,0.001,0.00075
"79",2,35,2,12,12,42,37,44,150,300,200,100,0.00075,0.00175,-5e-04,0
"80",2,44,34,44,41,41,35,2,250,300,300,300,0.00025,0.0015,0.002,0.00025
"81",41,39,38,10,34,45,5,7,200,250,250,300,5e-04,0.001,0.00075,0.00125
"82",9,10,45,43,12,34,13,42,200,150,100,150,0.0015,0.00125,0.00175,0.002
"83",13,45,13,37,35,8,1,42,100,250,300,200,0.00175,0.001,0.0015,0.00025
"84",44,41,9,6,7,39,4,34,250,250,150,100,0.00125,0.00125,-0.00025,0
"85",4,6,35,37,40,6,8,39,250,300,150,300,-0.00025,0.002,5e-04,5e-04
"86",13,42,3,2,1,6,33,12,100,250,200,200,0.00025,0,0.002,0.0015
"87",9,10,43,33,1,44,39,9,200,250,300,250,0.00175,-0.00025,-0.00025,5e-04
"88",12,5,45,42,5,40,11,39,300,200,250,200,0.00125,0.0015,0.00025,0.00075
"89",36,6,42,8,11,11,44,44,200,200,100,200,0.001,-0.00025,-0.00025,0.00075
"90",40,5,5,41,2,5,44,44,150,100,100,300,0,0.00125,0.00125,0.00025
"91",4,34,6,5,45,8,13,34,100,100,150,100,5e-04,-0.00025,-5e-04,0
"92",5,9,39,36,37,13,45,12,200,200,100,100,0.00175,0,-5e-04,5e-04
"93",3,39,4,43,11,10,38,38,250,200,100,300,0.00075,0.001,-5e-04,0.00125
"94",6,3,42,12,3,36,2,13,300,200,300,200,0.0015,0.001,0.00025,0.00175
"95",41,36,6,45,44,11,39,1,200,300,250,200,0.0015,0.0015,0,0.0015
"96",12,35,44,12,12,3,11,41,200,100,150,250,0.001,0.001,-5e-04,0
"97",41,39,2,12,38,4,11,10,100,150,150,300,0,0.0015,5e-04,0
"98",13,33,1,45,9,41,34,44,100,200,300,150,5e-04,-0.00025,-5e-04,-0.00025
"99",42,4,8,6,38,12,1,37,100,200,200,150,0,0.002,0.0015,-5e-04
"100",35,8,37,11,8,40,37,6,150,300,250,100,-5e-04,0.001,-0.00025,0.00175
"101",42,7,42,2,3,37,43,6,100,250,250,100,0.002,0.00175,0.001,0.00075
"102",6,9,41,38,40,5,34,12,150,100,300,100,0,-0.00025,0.00025,0.001
"103",36,33,12,7,7,39,44,6,250,200,100,150,-0.00025,0.00075,0.00075,5e-04
"104",33,40,42,12,33,6,39,7,150,100,300,100,-0.00025,0.00125,0.00025,0
"105",12,42,6,35,35,9,5,41,100,300,150,250,0.002,0.00175,0.002,0.00075
"106",36,8,3,36,3,34,10,45,100,300,200,100,0,0.00175,0.00025,0.001
"107",3,45,41,13,41,40,13,9,200,150,300,150,0.0015,5e-04,0.00125,0.00125
"108",45,8,37,13,1,9,44,45,200,200,250,100,0,0.00075,0,-5e-04
"109",2,4,7,41,44,2,34,3,150,250,200,250,0.00075,0.00125,0.00025,0.00175
"110",35,34,4,42,33,10,33,1,300,100,200,150,0.0015,-5e-04,0.00075,0.002
"111",5,44,39,7,43,36,13,9,300,100,300,150,0,0,0.00075,-0.00025
"112",3,1,9,35,44,34,12,4,250,100,100,250,-0.00025,0.0015,0.002,0.00175
"113",38,9,11,40,33,42,3,11,200,150,100,250,0.00025,0.0015,0.00025,0.00025
"114",4,33,8,33,40,9,4,43,100,100,250,150,0.00025,0.002,0.00075,0.001
"115",38,8,2,42,4,8,40,36,250,250,300,100,0,0.002,5e-04,5e-04
"116",10,42,1,37,3,1,12,38,150,300,200,200,0.00075,0,0.00075,0.00175
"117",3,43,33,4,37,42,6,7,150,300,300,250,0.00125,-5e-04,0.00125,0.001
"118",3,44,3,35,33,44,9,4,200,250,100,200,0,5e-04,0.001,0
"119",11,44,34,7,9,44,34,43,150,300,200,100,0.0015,0.0015,0.00025,0.00025
"120",37,10,4,43,10,1,44,37,250,200,300,200,0.00025,0.00075,0.0015,0.0015
"121",37,3,7,44,43,4,39,1,150,200,250,300,0.0015,0.001,0.002,0
"122",38,12,43,4,42,39,9,4,200,150,150,200,0.001,0.0015,0.00125,0.00125
"123",34,44,9,8,5,34,36,7,100,100,150,250,0.00125,0.00025,5e-04,0.00125
"124",3,40,36,13,40,44,6,5,250,150,300,200,-0.00025,0.002,0,0.001
"125",41,36,13,11,9,40,40,1,150,100,250,150,0.00025,0.00025,0.00125,0.00125
"126",33,35,42,4,39,1,9,4,300,300,300,250,0.00025,0.002,0.00025,-5e-04
"127",45,44,35,6,39,11,41,42,100,100,100,250,5e-04,0,-5e-04,0
"128",42,41,8,7,4,44,5,33,250,300,300,150,0.00125,0.001,0.00025,0.002
"129",9,44,37,11,34,3,33,5,200,100,300,300,0.00125,5e-04,0,0
"130",3,44,2,13,39,45,7,45,100,150,200,100,0.001,0.001,5e-04,0.002
"131",7,38,7,10,42,40,3,13,100,200,300,250,0.002,0.002,0.00175,0.00175
"132",33,9,34,43,37,12,3,11,250,300,250,300,0.00175,0.0015,0.00025,-0.00025
"133",12,13,4,42,36,13,5,34,250,100,100,100,0.00075,-5e-04,0.00175,-0.00025
"134",2,33,13,42,35,33,6,8,200,100,150,150,0.001,0.001,0.00075,5e-04
"135",6,11,34,38,38,9,42,7,150,100,100,100,0,0.00175,0.00175,0.00025
"136",37,7,44,13,40,45,10,36,200,300,300,300,0,0,0.00125,-0.00025
"137",5,5,42,37,10,33,2,36,250,250,300,150,0.00025,-5e-04,0.00075,-5e-04
"138",34,13,42,5,36,1,4,45,150,150,200,300,0.00025,-5e-04,0.00075,-0.00025
"139",10,1,41,43,42,34,35,12,100,200,250,150,0.001,5e-04,0.001,0.001
"140",7,10,8,40,40,1,13,43,150,250,200,100,0.00125,0.0015,0.00025,0
"141",40,2,13,41,13,45,6,2,200,100,300,150,0.00175,0.001,0.001,-0.00025
"142",10,40,13,7,2,44,13,34,300,100,300,250,0.00025,0.00025,5e-04,0.00175
"143",39,5,10,45,40,38,7,1,100,200,300,300,0.00125,0.00125,0.00125,0.0015
"144",33,11,37,4,9,11,40,35,250,300,100,100,0.00125,0.00025,0.00075,0.00175
"145",2,36,37,2,12,40,4,44,200,150,100,300,-5e-04,0.00175,5e-04,0.0015
"146",35,5,41,3,4,4,40,33,100,100,200,150,0.00125,0.00025,0.00075,0.0015
"147",44,1,37,33,42,5,7,33,100,300,150,200,0.002,0,0.00175,-5e-04
"148",2,37,9,6,44,33,12,33,300,300,200,300,0.001,5e-04,5e-04,0.001
"149",41,12,6,2,4,13,40,10,100,250,300,100,-5e-04,5e-04,0.00175,0.002
"150",42,3,41,9,8,40,44,11,200,300,100,250,0.00125,0.00075,5e-04,0.00125
"151",6,2,38,45,45,12,45,12,250,100,250,200,0.00025,0.00025,0.002,0.00175
"152",45,33,5,7,8,10,38,5,200,150,100,150,5e-04,0.00175,-0.00025,0.00075
"153",33,13,11,38,7,7,40,41,250,250,200,300,5e-04,0.00025,0.0015,0.001
"154",1,5,37,12,12,37,33,2,100,200,250,150,5e-04,5e-04,0.00075,0.002
"155",6,38,12,41,2,1,38,38,100,250,150,300,0,0.00125,0,-0.00025
"156",10,43,7,38,43,3,7,45,300,250,200,150,0.00025,-5e-04,0,5e-04
"157",43,39,33,3,5,41,8,36,150,250,200,200,0.00175,0.001,5e-04,0.001
"158",36,13,11,42,34,45,13,2,300,150,300,100,0.002,-5e-04,0.00075,-0.00025
"159",38,35,2,10,5,38,11,38,250,150,100,100,0.00075,0.00125,0.00125,5e-04
"160",36,34,6,35,13,38,11,1,100,150,300,200,0.00075,-5e-04,0.00025,0.002
"161",40,1,36,8,9,2,33,45,150,300,150,250,5e-04,5e-04,0,0.002
"162",42,2,37,11,33,2,8,41,100,100,250,150,0,0.00125,0.0015,0
"163",42,43,13,5,4,43,44,37,100,250,250,100,0.002,0.00175,-5e-04,0.002
"164",12,41,38,4,34,1,45,45,150,150,300,300,0.00175,0.00175,0.0015,0
"165",33,44,34,7,43,33,10,41,200,250,100,100,0.00175,0.00125,0.00125,-0.00025
"166",43,12,3,33,6,35,42,36,100,150,150,250,0.00125,-0.00025,5e-04,0.002
"167",39,2,42,6,13,13,38,44,150,200,200,300,0.001,-5e-04,0.002,0.002
"168",41,5,37,12,37,11,10,2,300,150,300,250,0.00025,0.00125,0.00175,5e-04
"169",44,10,44,35,35,13,8,2,300,200,250,300,5e-04,0.00075,0.001,0
"170",11,40,10,3,11,41,1,35,100,300,250,300,0.001,0.00175,-5e-04,0.00075
"171",7,36,10,41,8,8,36,43,200,300,200,250,0.002,5e-04,-5e-04,0.002
"172",9,35,36,12,6,2,33,43,300,300,100,150,0.0015,0.001,0.0015,0.0015
"173",33,5,5,43,33,5,34,41,300,250,100,150,0.00025,0.00025,5e-04,0.00075
"174",43,44,12,4,9,36,8,37,300,150,100,150,0.002,-5e-04,0.00175,-5e-04
"175",42,1,12,37,3,4,7,37,250,150,200,300,0.00075,0.0015,0.002,0.00175
"176",38,36,7,1,1,33,41,6,300,300,100,100,-0.00025,5e-04,0.00025,0.00175
"177",4,45,35,13,7,36,9,2,300,250,250,300,-5e-04,0.00025,0.001,0
"178",45,33,11,4,36,9,11,3,250,250,300,250,0.002,0.00075,0.002,-0.00025
"179",2,35,13,11,35,33,1,45,200,150,200,150,0.002,0.00125,-0.00025,0
"180",42,43,8,10,44,4,37,13,300,200,250,200,0.001,-0.00025,5e-04,0.0015
"181",9,33,44,37,37,1,2,39,100,300,100,300,0.0015,0.00175,-5e-04,0
"182",10,42,8,3,13,33,37,4,250,150,300,250,0.00025,0.001,0.001,-5e-04
"183",7,10,37,34,40,6,33,1,100,300,200,200,0,0.00125,0,0.00025
"184",8,45,38,40,33,11,2,42,150,300,250,250,0.00175,5e-04,0.002,0.001
"185",12,11,39,40,5,39,4,42,200,150,200,150,0.00075,0.001,0.001,0.00025
"186",9,2,34,44,11,36,3,42,250,200,150,250,0.00025,0.001,5e-04,0.002
"187",8,44,3,43,35,44,3,6,150,150,250,300,0.00175,0.00025,0.00175,0
"188",1,42,13,36,38,34,43,45,150,300,200,250,5e-04,-5e-04,5e-04,0.0015
"189",2,5,10,33,2,44,33,13,150,150,300,250,-0.00025,-5e-04,-0.00025,-0.00025
"190",41,10,9,11,10,1,33,43,100,250,100,100,0.00125,0.001,0.00175,0.00025
"191",43,5,36,4,9,37,1,11,150,100,150,100,0.00175,-0.00025,0.001,0
"192",1,6,12,36,41,8,37,36,250,100,250,150,0.00125,0.002,0,-5e-04
"193",35,35,5,43,8,37,45,44,100,100,300,150,5e-04,0.00175,-5e-04,0
"194",39,9,6,41,40,9,39,10,300,100,100,150,0.0015,0.002,0.002,0.00025
"195",2,11,37,36,44,38,1,11,250,200,150,100,0.0015,0.00025,0.002,0.00125
"196",36,38,33,6,45,34,1,39,250,250,200,150,0.001,0.001,0.002,0.002
"197",35,38,8,42,13,33,5,44,250,300,250,300,5e-04,0.001,-0.00025,0
"198",39,43,5,12,41,1,35,2,150,250,100,250,0.002,0.0015,-0.00025,0
"199",38,10,41,11,35,3,1,41,200,300,150,200,-5e-04,0.001,0.00025,0.002
"200",3,34,8,45,5,1,36,12,300,200,300,150,0,0.0015,0.00075,-0.00025
"201",2,38,39,4,10,33,7,43,250,300,300,300,0,-5e-04,-5e-04,-0.00025
"202",9,44,3,13,6,40,39,38,150,250,200,200,0,0.001,0.002,0.00175
"203",44,43,2,40,1,36,44,11,300,150,150,150,0.002,0.00075,-0.00025,0.00075
"204",1,41,10,42,1,13,38,2,100,200,250,200,0.0015,0.00175,0.001,-5e-04
"205",33,45,42,2,44,42,5,12,300,200,100,250,5e-04,0.00025,-0.00025,0.00125
"206",45,10,1,6,34,2,35,44,200,250,150,100,0.00175,0.001,0.0015,-0.00025
"207",1,43,43,13,1,45,13,11,100,150,100,250,-5e-04,0.0015,5e-04,-0.00025
"208",36,2,13,1,3,36,2,10,200,150,150,250,0.002,0,0.0015,0.0015
"209",4,13,45,5,34,13,9,6,100,250,300,300,0.00175,-0.00025,0.00075,5e-04
"210",13,33,4,11,42,6,11,1,300,250,300,150,0.002,-5e-04,0.001,0.002
"211",11,11,34,44,10,33,2,43,300,150,150,200,0.00175,0.00075,0.00075,0.002
"212",11,6,44,40,43,7,40,4,300,250,100,300,-5e-04,-5e-04,-5e-04,5e-04
"213",7,41,39,7,4,1,38,45,200,300,100,100,0.00075,-5e-04,5e-04,0.00125
"214",9,2,37,39,11,45,10,33,100,250,250,250,5e-04,0.00125,0,0.002
"215",4,44,37,35,43,2,34,12,300,150,300,200,-0.00025,0.002,5e-04,0.0015
"216",34,44,5,38,13,40,10,3,300,250,300,200,5e-04,0,5e-04,5e-04
"217",45,44,6,40,10,34,4,45,200,100,300,250,-5e-04,0.00125,0.001,0.001
"218",33,34,3,8,45,3,38,10,100,300,300,100,0.00125,0.00175,0.001,0.00175
"219",35,7,37,9,12,5,40,41,300,100,300,100,-0.00025,0.0015,5e-04,0.002
"220",36,3,10,38,40,42,2,7,250,250,300,250,0.001,0.00175,0.00175,5e-04
"221",12,1,36,45,44,12,39,34,200,200,300,300,-0.00025,-0.00025,0.00175,0.00125
"222",35,11,43,12,38,38,2,9,200,250,100,250,0.002,0.00125,0,0.00025
"223",7,38,45,35,12,45,37,11,300,150,300,100,0.001,0.00075,0.001,0.001
"224",10,3,44,37,7,43,42,34,100,200,150,150,-5e-04,5e-04,0.001,0.001
"225",6,2,38,33,40,4,11,2,100,300,300,250,-0.00025,-5e-04,0.00075,0.0015
"226",11,10,39,43,5,38,42,9,250,250,200,200,0.00025,0.00075,0.00075,-0.00025
"227",35,10,3,42,11,6,35,40,100,200,300,250,0.0015,0.001,0.0015,0.002
"228",36,3,12,1,3,37,1,6,300,300,250,200,0.002,0.0015,-0.00025,-0.00025
"229",9,43,10,37,12,35,37,45,250,250,100,150,-5e-04,0.0015,0.00025,0.00125
"230",36,36,13,1,12,37,1,37,300,100,200,150,0.0015,0,0,0.00125
"231",34,13,44,1,11,40,45,2,150,250,300,100,0.00075,0,0.00175,0.001
"232",11,2,10,44,8,13,38,35,150,300,300,150,0.00125,5e-04,0.002,0.00125
"233",6,43,3,11,4,8,33,44,150,100,200,150,0.00025,0.00125,-0.00025,-5e-04
"234",40,37,8,12,11,42,37,8,200,100,100,200,5e-04,0.00075,-0.00025,0
"235",4,9,2,35,13,43,1,37,150,150,300,100,-0.00025,0.00025,0.00075,0.00025
"236",33,7,35,44,3,44,45,34,250,100,250,250,-0.00025,0.00025,0.002,-0.00025
"237",7,34,35,12,8,1,44,45,300,200,100,100,0,0.0015,-5e-04,0.00025
"238",35,4,9,36,9,5,43,35,200,250,250,100,0.001,5e-04,-5e-04,0.0015
"239",36,3,9,45,45,43,9,4,100,200,250,250,-0.00025,0,0.001,0
"240",13,43,34,4,3,41,1,41,250,250,250,150,-0.00025,5e-04,0.001,5e-04
"241",42,42,11,38,43,2,36,13,200,300,300,100,0.00125,-0.00025,0.002,-0.00025
"242",45,12,38,36,11,35,43,5,150,300,200,200,0.00175,0,-5e-04,-5e-04
"243",33,6,41,13,38,2,5,37,100,100,200,200,0.001,0.00125,0.0015,0.001
"244",33,34,45,41,3,45,38,11,200,100,250,300,0,0.002,-5e-04,0.0015
"245",35,40,13,9,6,37,34,9,300,300,150,200,5e-04,-0.00025,0.00075,0.00025
"246",41,8,45,37,8,35,44,36,300,100,300,200,0.00175,-5e-04,0.00125,0.00075
"247",36,45,35,7,34,44,4,34,200,200,250,250,0,0.00125,0.001,0.00125
"248",36,8,33,10,7,8,37,45,200,300,100,200,0.002,0.001,0.002,0.00075
"249",11,7,40,40,9,44,36,5,250,100,100,200,-0.00025,0.002,0.00125,-0.00025
"250",13,35,1,13,34,33,38,13,100,250,250,250,5e-04,0.00025,0.00025,5e-04
"251",37,4,9,33,37,10,42,13,100,250,300,250,5e-04,0.00075,0.001,0.002
"252",10,12,1,39,10,38,33,11,250,250,300,150,0.00025,0.001,0.00075,0.00025
"253",45,35,39,1,7,3,42,38,250,100,100,250,0.002,0.00175,0.00125,0
"254",42,45,8,6,5,33,8,42,150,150,300,150,-5e-04,-0.00025,0.0015,0
"255",2,6,33,34,45,13,2,41,250,250,100,100,-5e-04,0.00125,5e-04,0.00125
"256",10,43,1,43,5,10,12,33,100,200,100,200,0.002,5e-04,-5e-04,0.00175
"257",34,6,36,8,41,11,3,44,300,100,250,300,0.0015,-0.00025,5e-04,0.00175
"258",2,35,12,45,41,13,4,10,100,250,300,100,0,0.0015,0.00075,-0.00025
"259",42,8,38,7,42,4,3,44,250,250,150,200,0.00025,0.002,0.00125,-0.00025
"260",44,4,41,6,36,41,12,11,250,300,100,150,5e-04,-5e-04,-0.00025,0
"261",6,44,11,37,33,5,11,33,300,200,100,150,0.001,0,0.00125,5e-04
"262",40,13,33,44,12,13,45,34,300,100,150,300,0.00075,0.00125,5e-04,0.00025
"263",10,45,4,36,43,9,8,2,250,150,200,300,0.0015,0.00175,0.00075,0.002
"264",7,35,40,2,2,35,5,43,150,250,100,300,0.002,-0.00025,0.001,0.00025
"265",36,11,9,4,5,45,12,1,200,200,200,300,-0.00025,0.001,0.00075,-5e-04
"266",7,40,41,4,3,4,39,43,250,100,100,300,5e-04,0.00025,-5e-04,-0.00025
"267",39,6,34,11,34,8,4,44,300,250,100,100,0.001,-5e-04,0.00025,0
"268",1,2,39,44,33,5,44,1,200,200,300,300,0.00125,5e-04,0.001,0.00125
"269",11,38,35,33,33,45,35,6,150,250,300,150,-0.00025,-0.00025,0.001,0.00175
"270",36,11,2,44,1,44,39,44,250,300,300,200,-5e-04,0.0015,0.001,0.00175
"271",33,41,6,2,41,34,37,11,100,300,250,200,0.002,-5e-04,0.002,0.001
"272",13,4,43,43,36,41,38,10,150,250,100,300,-0.00025,0.00125,5e-04,0
"273",5,35,11,5,12,39,1,33,150,200,200,150,0.00125,0.00025,5e-04,0.00175
"274",2,42,2,5,8,10,35,45,250,250,300,200,0.001,0.00125,0.00175,0
"275",36,12,44,44,12,1,40,4,150,300,150,250,0.001,0.001,0.002,0.00125
"276",5,7,13,39,1,12,38,38,150,300,250,250,-5e-04,5e-04,0.00175,0.00025
"277",12,44,2,3,43,7,45,35,250,200,300,150,0.00175,0.00025,0.00075,-5e-04
"278",5,35,40,2,7,1,39,38,250,250,250,300,-5e-04,0.00025,0.001,0.002
"279",1,38,43,13,44,7,43,5,150,250,300,100,0.00025,0,-5e-04,0.0015
"280",43,33,12,38,12,40,43,3,300,300,200,150,0.00175,0,0.0015,0.002
"281",4,1,38,37,3,33,42,11,100,150,200,200,0.00025,0.002,0.00175,0
"282",9,37,45,9,40,5,40,9,100,250,150,300,0.00125,0.002,0,0.002
"283",40,41,42,9,1,12,43,5,200,250,250,300,0.0015,0.00175,-5e-04,0.00175
"284",34,9,2,37,1,33,1,37,100,200,300,150,0.00175,0.001,0.00025,0.00175
"285",5,45,43,9,40,2,45,11,200,300,300,200,0.00175,0.00025,0.00025,0.00175
"286",7,7,42,36,9,40,4,41,150,150,150,100,0,0.001,0,-5e-04
"287",11,39,35,3,40,38,3,13,200,200,150,150,0.00025,0.0015,0.00175,0.00125
"288",7,33,44,44,13,41,10,40,250,250,250,100,5e-04,0.001,0.00175,0.00025
"289",12,37,2,33,13,43,33,6,200,100,100,250,0,0.0015,0.001,0
"290",35,12,8,39,11,36,11,41,150,100,300,150,-5e-04,0.00075,0.0015,0.00125
"291",6,41,44,12,9,1,41,40,150,250,250,200,0.00175,-0.00025,0.002,5e-04
"292",7,35,10,40,41,35,12,10,150,200,250,150,0.00075,5e-04,0,0.00075
"293",10,36,7,2,45,43,12,3,250,300,100,150,0,0.002,5e-04,0.002
"294",36,44,1,39,34,10,37,44,150,200,200,250,0.00125,0.00175,0.0015,0.002
"295",35,2,12,1,38,3,5,36,250,300,150,150,0.001,0.002,-5e-04,0.00075
"296",34,10,2,45,4,34,8,37,200,200,150,150,0.00175,0.001,0.001,0.0015
"297",42,37,35,3,33,45,10,34,300,200,200,250,0.002,0.00175,0.001,-0.00025
"298",13,2,39,8,33,34,11,43,300,200,250,200,0.0015,0.002,0.002,0.00175
"299",6,34,43,43,42,41,36,2,150,150,150,300,0.002,0.00025,-5e-04,0.00125
"300",13,33,10,44,34,37,13,9,300,250,200,250,0.00175,0.00025,0.002,0.001
"301",35,2,13,44,12,12,44,1,150,300,200,200,-5e-04,0.002,0.00075,0
"302",42,9,4,10,45,13,4,35,300,100,100,100,0.00125,-5e-04,5e-04,0.00075
"303",8,36,36,43,13,1,34,13,100,100,150,250,0.00025,0.001,0.00125,0.00175
"304",6,35,39,8,9,38,4,43,200,150,250,300,5e-04,5e-04,0.002,0.00075
"305",37,5,3,11,39,10,39,1,150,100,150,250,0.002,0.001,0.00125,-0.00025
"306",33,45,39,4,41,36,5,1,250,250,300,150,0.00175,0.002,0.002,0.0015
"307",36,1,6,13,34,38,5,38,150,300,250,100,0.002,0.002,0.002,-0.00025
"308",34,38,11,45,37,11,5,37,250,150,100,300,0.002,0.002,0.00175,0.001
"309",43,11,42,4,35,40,45,1,200,200,100,250,0.002,5e-04,5e-04,0.0015
"310",34,37,4,5,13,43,11,45,150,250,200,200,0.00175,-0.00025,0.00025,0.0015
"311",44,41,36,1,13,2,41,41,150,100,100,250,0.00075,0.00025,-0.00025,0.00075
"312",39,43,10,2,37,10,12,36,200,250,200,200,0.00175,0.00075,0.00075,0.002
"313",34,35,9,9,42,10,41,10,150,150,150,100,0.00075,5e-04,0.00075,-5e-04
"314",36,11,13,34,7,2,37,44,100,200,200,100,0,0.00125,0.00075,0.00125
"315",45,13,11,33,6,37,4,12,250,200,250,300,0,-5e-04,-0.00025,0.00025
"316",35,1,13,39,34,11,7,45,200,150,250,200,0.002,-0.00025,0.00075,-0.00025
"317",10,42,12,38,13,5,41,34,300,100,150,250,0.002,0,-5e-04,0.001
"318",3,11,35,3,37,2,10,12,200,100,150,300,0,-0.00025,0.00025,0
"319",11,34,7,33,35,6,10,38,300,150,300,200,0.001,5e-04,0.00075,0.002
"320",12,13,35,9,35,45,44,11,200,100,100,250,0.002,0.00075,0.001,0.002
"321",35,34,4,33,2,44,4,34,200,150,200,200,0.00175,0.00175,0.00125,0.0015
"322",10,40,11,43,43,5,3,37,150,200,100,200,0.00075,0.002,0.002,-5e-04
"323",13,2,4,44,35,41,4,10,250,300,100,150,0.001,0.001,0.002,0.00025
"324",39,36,2,8,38,6,35,7,300,250,250,200,0.00025,5e-04,0.00175,0.00025
"325",39,7,5,39,11,10,37,44,100,300,250,300,0,0.0015,5e-04,5e-04
"326",33,8,45,5,42,11,9,41,100,150,100,150,0,0.00125,0.0015,0
"327",2,9,34,39,37,6,38,12,150,150,100,300,0.00175,0.00175,0.002,5e-04
"328",43,34,10,6,39,3,33,43,150,200,200,300,0.0015,-0.00025,0.00025,0.00125
"329",39,5,39,8,37,13,5,2,300,150,150,100,0.001,0.001,0.00025,0.00025
"330",13,37,6,36,6,44,43,2,250,250,100,200,0.00075,0.00175,0.002,0.002
"331",34,38,13,10,37,9,12,38,200,300,200,200,0.00025,5e-04,5e-04,0.002
"332",34,34,45,9,42,6,5,8,100,250,150,250,0.00175,0.00175,0.002,0.00125
"333",33,39,40,4,13,4,37,4,250,300,250,100,0,-5e-04,0.001,-5e-04
"334",41,35,11,7,12,42,45,34,150,250,150,200,5e-04,-0.00025,0.0015,0.00175
"335",37,6,37,11,41,13,1,45,150,300,150,200,0,0.00025,0.00075,0.0015
"336",8,42,45,2,8,11,37,45,300,100,150,200,0.00175,5e-04,0.00075,0.00175
"337",33,45,36,1,11,3,44,45,150,200,150,200,0.0015,0.0015,-0.00025,0.001
"338",6,45,11,37,8,35,38,3,200,300,150,150,-0.00025,0.002,-0.00025,0.001
"339",1,8,36,11,37,7,10,39,150,300,100,250,0.00175,0.002,0.001,5e-04
"340",13,11,33,36,9,39,37,3,100,100,300,150,0.001,0.00175,0.00075,0.00175
"341",36,35,7,12,2,39,37,6,250,250,300,150,0.001,0.00125,0.001,0.00025
"342",33,1,44,13,10,11,8,12,100,300,200,100,0.00125,0.00075,-5e-04,-5e-04
"343",44,44,4,2,33,9,12,34,300,150,100,250,5e-04,0.002,-5e-04,0.00075
"344",44,3,34,38,8,8,3,45,200,300,200,200,0.001,0.00125,0.001,0.001
"345",39,7,38,13,40,4,2,40,150,250,200,200,-5e-04,0.0015,0.00075,5e-04
"346",6,39,6,43,43,5,3,33,100,100,150,150,-5e-04,0.00175,5e-04,-0.00025
"347",1,41,5,43,39,37,7,11,200,200,200,250,-5e-04,-5e-04,-5e-04,0.001
"348",5,2,13,40,36,11,5,8,300,100,300,300,0.00175,0.00125,0.0015,0
"349",12,5,34,10,35,43,40,6,250,150,300,250,0.00025,0.00175,0.002,5e-04
"350",1,3,36,42,34,11,38,2,100,300,100,150,5e-04,0.00175,-0.00025,0.00025
"351",13,45,33,36,35,44,8,34,100,300,200,250,-0.00025,0.0015,-0.00025,0.00075
"352",41,34,37,10,45,34,3,35,300,100,300,200,0.0015,0.001,0.00175,0
"353",45,34,35,2,34,6,44,38,250,100,150,200,0.00125,-0.00025,0.002,-5e-04
"354",3,12,1,39,38,33,8,8,250,100,250,200,-0.00025,0.00125,0.0015,0.0015
"355",33,9,38,44,37,3,7,38,250,200,200,300,0.00125,0.00075,5e-04,-0.00025
"356",12,37,2,44,4,11,8,1,250,100,150,100,0.00125,0.00025,0.00075,0.001
"357",11,40,37,8,8,42,5,37,250,250,100,250,0.00025,5e-04,0.002,0.00175
"358",33,5,34,39,2,33,13,43,100,200,250,150,-5e-04,0.00075,0.00125,-0.00025
"359",4,11,44,44,38,10,45,13,200,100,100,200,0,-5e-04,0.002,-0.00025
"360",37,44,34,6,34,9,11,34,250,250,200,200,0.00075,-0.00025,0.00025,0.001
"361",10,36,33,10,38,7,45,10,100,100,300,150,0,5e-04,0.00075,0.00025
"362",8,2,38,7,9,44,2,35,300,250,200,200,-5e-04,-5e-04,0.00175,0.00075
"363",9,2,41,12,41,5,13,9,300,250,150,100,-0.00025,-0.00025,-0.00025,0.001
"364",44,33,40,11,35,36,12,38,300,150,250,200,0.0015,0.002,0.00175,0.001
"365",39,1,13,10,35,44,37,7,100,200,150,150,0.001,0.00025,0.00025,0.00025
"366",34,11,38,45,9,35,43,3,150,300,100,250,0.002,5e-04,5e-04,0.00125
"367",1,13,5,3,2,3,38,13,300,250,200,150,0.00125,0.002,0.0015,0.0015
"368",8,44,5,38,12,43,34,9,100,150,250,150,0.002,5e-04,0.00125,5e-04
"369",5,38,3,13,11,6,1,3,300,200,250,100,-0.00025,-5e-04,0.002,0.0015
"370",34,41,1,2,6,33,45,12,200,300,250,100,0.00075,0.002,0.002,0.00025
"371",33,6,9,41,36,10,45,10,100,200,250,100,0.002,0.00075,0.00025,0
"372",13,39,44,8,43,37,3,7,300,150,150,100,0.001,0.002,0,0.001
"373",44,37,5,10,3,12,4,42,100,100,150,200,0.00075,-5e-04,0.00125,-5e-04
"374",33,42,4,38,4,10,33,38,100,250,200,300,0.00025,0.00125,0.0015,-5e-04
"375",38,3,7,12,40,8,38,2,250,300,150,250,5e-04,5e-04,0.00025,0.0015
"376",45,35,2,37,40,45,2,7,100,200,250,100,0.00025,0.002,0.001,0.00175
"377",1,1,41,44,9,35,6,45,150,150,250,100,0.00025,0.001,0.00075,0.00125
"378",35,4,1,40,2,13,43,44,100,100,100,100,0.0015,0.00175,0.00125,0.0015
"379",6,44,44,5,10,38,8,45,100,200,250,200,-0.00025,0.00175,0.00025,0.002
"380",41,43,45,8,45,10,33,33,300,250,100,100,0,0.00175,0.00025,0.00025
"381",39,36,6,12,35,2,38,13,100,200,250,150,0.002,0.002,0.0015,0.00025
"382",35,2,3,13,11,45,13,34,100,100,250,200,0.00075,0.0015,0.0015,0.00125
"383",33,11,10,40,37,37,8,11,100,250,200,200,0.00075,0.00175,-5e-04,0.00025
"384",1,34,44,13,36,43,40,38,250,250,100,100,5e-04,5e-04,0.00025,-5e-04
"385",10,33,10,40,7,44,37,12,150,150,200,200,0.00125,0.00175,0.00025,0.001
"386",4,34,33,6,43,7,37,4,200,200,150,250,0.00075,0.00075,0.00075,0.002
"387",38,3,44,37,10,39,33,41,200,250,250,250,-5e-04,0,0.00025,-5e-04
"388",13,44,42,5,36,10,41,12,300,300,150,100,0.001,0.00175,5e-04,0.002
"389",41,34,45,3,10,33,44,7,300,250,100,250,0.0015,-0.00025,0,0.00075
"390",13,5,2,41,36,3,43,41,150,300,250,250,-0.00025,0.0015,0.00175,0.002
"391",5,42,8,40,3,3,45,41,150,250,250,300,0.001,0.00075,0.00075,0.00075
"392",45,7,45,45,33,33,45,12,150,150,300,100,0.00125,0.00125,0.0015,0.00025
"393",41,9,42,12,1,8,41,39,250,200,150,150,-5e-04,0.002,0.001,0
"394",40,39,11,5,7,38,44,10,250,200,300,150,0.00075,0.001,0.00025,0.00125
"395",35,40,2,9,44,3,9,37,200,300,150,300,-5e-04,0.00175,0.00075,0
"396",4,37,43,37,36,44,33,4,100,150,200,200,-0.00025,-0.00025,0.002,0.00175
"397",3,36,35,4,41,13,43,9,150,200,150,200,0.00075,0.0015,0.002,-5e-04
"398",43,9,5,44,2,13,41,39,300,100,100,200,0.00125,5e-04,5e-04,0.00125
"399",41,8,9,35,2,11,33,11,300,150,300,150,0.00075,0.00025,-5e-04,0
"400",43,37,12,7,39,5,9,36,300,200,250,150,0.0015,0.00075,0,0.00075
"401",4,13,43,34,41,8,12,45,250,300,300,150,0.00175,0.00075,-5e-04,0.001
"402",36,9,9,36,42,6,36,3,200,150,200,250,0.002,5e-04,5e-04,0.00025
"403",4,35,33,1,43,45,12,10,200,300,200,150,0.00075,5e-04,0,0.00025
"404",4,7,42,44,35,3,13,36,150,200,250,150,0.00075,0.001,0,0.001
"405",3,7,39,40,40,6,45,8,100,250,250,300,0,0.001,0.00075,0
"406",43,38,3,33,44,11,12,43,250,150,300,300,0.00075,-5e-04,0.002,0
"407",38,2,13,2,41,12,5,37,300,100,100,100,0.00175,0.00025,0.00025,0.00125
"408",11,35,8,35,10,2,35,33,200,300,100,250,0.00175,5e-04,0.00125,0.002
"409",4,11,2,43,39,9,4,10,250,250,100,100,0.00175,0.00075,0.002,5e-04
"410",42,9,44,13,41,1,2,36,200,200,250,250,0.00025,-5e-04,0,0.0015
"411",41,11,13,33,11,38,4,44,100,100,150,250,0.00175,0.00025,0.0015,-5e-04
"412",10,35,12,43,34,45,13,38,300,300,150,250,0.00125,-0.00025,0,0.00025
"413",44,8,33,5,41,44,12,11,100,200,200,100,0.00125,0.00025,0.00125,0.00075
"414",9,2,35,43,7,43,4,43,250,150,100,250,0.00075,0.00175,0.002,0.00025
"415",39,2,41,12,3,9,45,11,200,300,250,250,0,0.00125,0.00075,0
"416",8,1,5,34,34,2,12,36,200,100,250,150,0.00125,0.00175,0.00025,0.0015
"417",3,36,11,35,42,1,4,38,100,300,200,150,0.001,0.002,0.00125,0
"418",8,37,9,40,33,33,13,3,250,100,200,250,0.002,0.00025,0,0.00075
"419",42,7,41,2,11,10,45,33,200,300,150,300,-0.00025,-5e-04,0.00175,0.00125
"420",41,43,3,2,5,41,38,2,300,200,250,250,0.00175,0,-5e-04,0.0015
"421",5,38,2,45,40,42,7,7,200,200,250,150,-5e-04,0.00175,0.002,0.002
"422",11,41,5,34,37,1,2,42,100,150,100,100,0.002,-5e-04,0.00175,-0.00025
"423",44,39,35,5,12,43,1,2,300,300,100,150,0.00125,0.00125,0.00175,0
"424",9,37,3,44,7,13,44,37,150,300,250,300,0.00125,0.001,0.002,-5e-04
"425",6,42,39,11,45,40,3,4,250,100,200,150,-5e-04,0.00025,0,0.00125
"426",6,36,10,35,1,40,35,6,300,100,150,100,0.001,0.00025,0.001,0.001
"427",39,44,35,4,8,43,33,1,150,100,300,300,0.002,5e-04,0,5e-04
"428",38,38,1,13,45,5,6,42,200,150,100,150,0.002,0.00075,0.00075,5e-04
"429",4,45,39,6,35,39,8,10,100,250,250,300,0.00125,-0.00025,-0.00025,-0.00025
"430",37,7,45,11,2,11,38,35,200,300,250,150,0.00125,-5e-04,-0.00025,0.00025
"431",35,11,44,9,37,13,10,38,100,100,150,200,5e-04,0.00175,0.00075,0.001
"432",44,34,41,40,33,36,45,6,250,100,200,300,-0.00025,-0.00025,0.00025,0.0015
"433",3,1,13,12,2,12,44,9,200,200,100,250,0.002,0.00175,0,-5e-04
"434",45,2,6,42,38,34,11,2,250,300,150,150,0,-5e-04,-5e-04,5e-04
"435",38,36,10,6,39,13,38,13,300,100,250,150,0.00125,0.00075,-5e-04,-5e-04
"436",8,1,11,10,2,34,12,40,200,300,100,100,0.00025,0.00125,0.00125,0.00175
"437",10,40,44,5,33,12,36,4,200,200,250,150,-0.00025,5e-04,0.00075,0.00025
"438",42,9,10,43,37,9,35,2,200,150,200,150,0,-0.00025,0.00075,5e-04
"439",33,2,7,43,41,38,7,44,100,100,150,200,-0.00025,0.002,5e-04,0.002
"440",6,41,45,4,43,8,34,6,200,200,100,300,-5e-04,5e-04,-0.00025,0.002
"441",44,10,45,7,39,10,8,40,150,100,250,150,0.00175,0.00175,0.0015,0
"442",9,38,39,1,1,41,10,44,300,150,300,100,0.00125,5e-04,0,0.002
"443",42,5,36,45,10,10,43,38,200,250,200,150,0.00075,0.00175,0.00175,0.00175
"444",35,5,2,34,43,9,40,7,300,300,200,150,0.0015,0,0.002,0.001
"445",43,13,6,13,45,3,11,35,100,100,300,150,0.00175,0.00125,0.00025,5e-04
"446",34,10,4,33,40,11,33,7,200,300,300,200,-5e-04,0.00175,-0.00025,0.0015
"447",5,40,2,3,35,8,45,1,200,300,150,200,0.00025,-0.00025,0.001,0.00075
"448",7,33,36,13,7,3,39,36,300,150,250,200,0,-0.00025,0.002,0.002
"449",36,36,44,5,36,11,44,40,300,200,200,100,0,0.001,5e-04,0.002
"450",3,41,4,35,6,41,41,5,250,150,100,150,-0.00025,0,0.0015,0.00075
"451",38,41,5,3,40,11,3,34,300,300,100,300,0.00175,0.002,-0.00025,0
"452",3,7,41,34,8,43,38,7,100,100,300,250,-0.00025,0.002,0.00125,0.00025
"453",13,39,40,3,3,8,44,44,300,150,250,250,0,0.00025,5e-04,0.00125
"454",40,35,3,2,5,34,44,2,250,100,150,200,0.00175,-5e-04,-0.00025,0.00075
"455",40,6,41,3,34,12,9,39,200,250,200,300,0.001,-5e-04,-0.00025,0.002
"456",42,6,2,45,40,10,45,11,250,250,200,300,0.001,-5e-04,0.0015,-0.00025
"457",44,12,33,8,6,34,3,45,200,250,150,150,-0.00025,0.00075,-5e-04,0.00175
"458",42,44,5,9,10,40,41,13,300,100,250,100,0.00125,0.00175,0.00125,0.0015
"459",5,42,5,40,3,45,45,6,150,250,200,200,0.00175,0,0.00075,0.00175
"460",5,12,3,40,39,9,1,45,100,100,200,100,-5e-04,-0.00025,-5e-04,5e-04
"461",43,13,10,2,6,40,8,45,250,150,250,100,5e-04,-0.00025,0.0015,0
"462",11,37,41,13,35,5,40,13,300,100,300,300,0.00025,0.001,-0.00025,0.0015
"463",2,9,5,40,42,33,4,41,250,250,150,300,-5e-04,-0.00025,-0.00025,-5e-04
"464",1,12,40,33,33,41,38,6,150,100,300,300,0.002,0,0.00075,0.00175
"465",2,9,9,45,36,44,12,11,150,200,100,300,-0.00025,0.001,0.0015,-5e-04
"466",38,9,11,39,42,42,5,11,200,250,300,100,0.0015,0.001,-5e-04,0.00175
"467",36,2,6,45,44,41,13,3,150,300,100,250,0.00175,0.00125,0.00025,0.00175
"468",34,5,12,1,7,34,45,5,150,300,300,250,0.0015,0.002,0.0015,0.00025
"469",9,44,34,35,9,36,38,2,250,150,150,250,-0.00025,0.002,5e-04,0.00075
"470",9,44,3,41,33,34,6,12,200,100,200,200,0.00025,0.002,-5e-04,0.00075
"471",45,2,13,2,11,45,34,6,250,300,200,300,0,0.00025,0.00125,0.00175
"472",42,3,11,45,12,36,7,37,150,200,250,200,-0.00025,0.00075,0.00075,5e-04
"473",1,42,35,7,10,37,6,37,200,250,200,250,0.001,0.00125,0.0015,0.002
"474",8,41,45,34,43,5,33,42,300,250,150,250,-0.00025,0.002,0.0015,0.00075
"475",11,42,2,44,44,8,9,37,150,150,250,300,0.002,0.00125,-5e-04,0.002
"476",2,12,45,35,43,33,43,4,300,200,300,150,0,0.00075,0.00075,-5e-04
"477",43,9,12,44,3,43,6,42,200,200,300,100,0.00075,0.0015,0.001,-5e-04
"478",40,11,9,39,36,2,38,3,150,100,150,100,0,-5e-04,0.00075,-0.00025
"479",33,36,10,3,4,34,41,8,100,150,150,200,0.001,-0.00025,0.00075,0.002
"480",45,11,34,36,1,8,39,13,250,150,150,300,5e-04,5e-04,0,0
"481",36,45,39,9,10,5,44,1,100,300,200,200,0.00125,0,-5e-04,0.00175
"482",42,8,37,43,33,11,42,13,100,100,200,100,5e-04,0.0015,-0.00025,0.00025
"483",40,9,37,12,8,5,33,45,100,200,100,250,0.00075,0.00025,0.00175,0.00175
"484",36,12,9,1,43,43,10,36,250,250,150,100,5e-04,0.00125,0.00125,-0.00025
"485",40,12,36,4,40,3,6,38,250,100,300,250,0.00125,-5e-04,0,0
"486",3,43,12,33,44,40,37,5,150,150,100,200,0.00025,0.001,0.002,0.00025
"487",34,10,4,36,6,37,8,38,100,200,250,250,0.00125,0.00025,0.001,-5e-04
"488",33,11,39,2,8,10,44,41,100,200,300,150,0.0015,0.001,-5e-04,-5e-04
"489",1,11,38,8,41,38,35,8,250,200,250,300,-0.00025,0.00075,5e-04,0.00075
"490",12,39,8,33,34,12,10,1,150,150,300,250,0.001,0.001,5e-04,-0.00025
"491",7,5,36,34,41,9,38,10,150,150,100,200,-5e-04,0.001,0.001,-5e-04
"492",1,33,45,37,43,45,42,4,200,200,200,300,0.00125,5e-04,0.00025,-5e-04
"493",37,4,33,6,4,42,37,3,150,100,300,100,-0.00025,-5e-04,0.002,0.0015
"494",42,39,44,7,42,1,10,45,100,200,300,250,0.002,0,-5e-04,0.002
"495",36,10,2,40,12,33,2,44,150,200,300,250,0.0015,0.00075,0.00075,0
"496",33,12,13,36,4,43,3,37,200,150,150,250,0.00125,-0.00025,0.00125,0.002
"497",44,4,39,34,3,38,43,5,300,200,100,150,0.0015,-0.00025,5e-04,0.002
"498",39,9,12,42,36,44,1,5,250,300,300,100,-0.00025,0.001,0.00125,5e-04
"499",12,43,12,41,38,44,10,11,150,250,250,250,0.0015,0,0.001,0.00025
"500",43,44,5,9,41,2,2,41,200,200,200,150,0.00075,0.00175,0.00125,0.00125
"501",33,10,41,6,3,9,43,40,250,200,100,250,-5e-04,0.0015,0.00075,0
"502",11,13,1,34,36,5,7,8,250,250,150,100,-5e-04,0.00125,0.0015,0.00025
"503",12,43,8,2,4,45,41,5,150,250,200,300,5e-04,0,-5e-04,0
"504",7,6,36,43,4,44,44,9,150,250,100,150,0.00075,0.00175,0.00125,0.001
"505",36,8,4,38,2,13,44,42,100,300,250,100,0.00125,0.0015,0.00075,-5e-04
"506",42,35,39,12,33,1,43,40,100,300,300,200,0,-5e-04,0.00075,0.00025
"507",42,33,13,3,11,41,40,33,300,250,150,200,0.002,0.00175,-0.00025,0.00175
"508",4,9,2,37,1,34,13,42,250,150,150,300,0.00075,0.00075,0.002,0.0015
"509",2,2,45,12,41,13,5,33,250,100,100,200,0,0.00125,5e-04,-0.00025
"510",6,40,4,7,10,11,34,44,150,250,300,200,0.00175,0.002,-5e-04,0.00025
"511",43,8,12,10,38,42,12,2,100,200,300,150,0.00175,0.00025,0,5e-04
"512",43,37,45,5,11,2,34,45,150,200,100,300,0,0.001,0.00075,0.002
"513",7,38,1,40,40,45,10,33,250,200,250,100,0.002,-0.00025,0.001,5e-04
"514",36,3,2,33,45,10,43,7,250,300,100,100,0.00075,0.00175,0.001,0.0015
"515",34,9,5,42,6,12,43,36,100,250,250,100,0.0015,0.00125,0,0.002
"516",12,7,33,45,13,39,8,45,200,150,300,250,-0.00025,0.002,5e-04,0.00175
"517",13,4,1,36,7,37,9,40,150,100,300,150,0.0015,-0.00025,0.00125,5e-04
"518",44,6,42,34,6,3,36,10,250,150,100,150,-5e-04,0.00025,0,0.001
"519",35,1,40,45,38,6,7,40,200,300,250,250,0.00125,5e-04,0.00075,0.002
"520",44,10,39,6,38,10,4,44,100,150,200,100,0.00125,5e-04,-5e-04,0.001
"521",1,45,13,33,38,39,8,33,150,250,200,200,0,0.00175,0.00125,0.00025
"522",41,39,13,5,33,12,45,4,100,250,150,250,-0.00025,0.00175,0.00075,-5e-04
"523",41,2,1,42,2,43,13,12,200,250,200,150,0.00175,0.0015,0.002,0.00075
"524",45,4,4,36,11,38,5,4,200,250,100,300,0.00075,5e-04,-0.00025,0.0015
"525",9,3,41,4,45,33,33,7,250,250,100,200,-5e-04,5e-04,0.00175,0.0015
"526",2,1,36,12,33,3,40,36,150,150,100,100,0.0015,0.00175,5e-04,0.001
"527",40,11,45,8,2,1,34,41,100,200,100,300,0.00125,0.002,0.00175,0.0015
"528",1,36,33,13,6,1,44,42,250,200,150,200,0.00025,0.002,-0.00025,-5e-04
"529",45,35,5,41,2,10,6,37,300,150,250,150,-5e-04,0.00125,-0.00025,0.001
"530",37,44,4,11,33,4,34,12,200,150,250,250,-0.00025,-5e-04,0,0.002
"531",1,43,44,13,43,10,45,34,250,150,250,200,0.00125,0.001,-0.00025,5e-04
"532",38,10,7,5,41,34,2,12,150,300,250,300,0.00075,0.002,-5e-04,0.00025
"533",43,1,2,42,33,36,10,44,150,200,200,100,0.00175,0.0015,0.00175,5e-04
"534",5,34,45,9,39,39,1,5,200,250,200,200,0.00175,0,5e-04,-0.00025
"535",11,35,13,2,11,45,42,40,250,250,200,100,0.0015,0.00075,-5e-04,0
"536",43,3,33,11,1,12,40,39,300,200,300,150,0.00125,0.001,0.00025,0.002
"537",5,42,42,4,11,44,10,34,200,100,300,200,0.00025,0,-0.00025,0.00125
"538",43,34,1,13,4,45,9,6,250,250,300,100,0.00075,0.0015,0.002,0.002
"539",34,3,44,9,40,11,3,34,250,250,250,250,0.00075,0.00125,0.00075,0.00125
"540",40,2,11,9,40,40,45,5,250,200,250,300,0.00125,0.00175,0.00075,0.00075
"541",45,34,4,42,11,11,4,34,150,200,100,300,0.00025,0.00025,0,0.001
"542",13,3,41,44,45,10,13,45,300,100,200,150,0.0015,0.001,0.0015,0.0015
"543",11,6,35,37,6,43,1,42,150,100,100,100,0.001,-5e-04,0.00175,0.00025
"544",2,10,45,1,41,10,36,1,250,150,250,300,0.00075,0.00125,0.00075,0.0015
"545",41,4,44,13,37,40,9,35,300,300,200,150,5e-04,0.00125,0.001,0.00175
"546",2,45,44,10,43,2,40,33,300,150,250,100,0.00175,0.002,5e-04,-5e-04
"547",41,34,4,3,37,12,3,43,150,200,250,150,0.002,0.00175,0.0015,0.00175
"548",5,38,44,4,1,1,36,43,250,250,300,100,0.00025,0.002,-5e-04,0.002
"549",7,33,3,35,42,38,13,11,250,100,100,200,0.00025,0.00175,0.001,0
"550",41,4,8,44,35,5,44,7,250,150,300,150,0.00175,0,5e-04,0.00025
"551",11,41,10,6,3,5,34,12,200,250,250,250,5e-04,0,0.00075,0.0015
"552",2,39,37,13,38,4,33,2,250,100,300,300,0.00175,0.00025,0.00175,0
"553",10,42,40,8,33,1,42,9,250,200,250,100,0.00175,0.00025,0.0015,0.001
"554",36,42,7,12,37,7,1,36,150,250,300,100,0.00175,0,0.001,0.00075
"555",12,39,35,10,45,33,11,6,150,200,100,250,0.0015,5e-04,-0.00025,0.0015
"556",41,44,6,35,9,35,35,40,300,150,150,100,0.00125,0.001,0,-5e-04
"557",13,1,43,41,5,35,45,4,200,100,150,100,0.00175,5e-04,0.002,0.0015
"558",44,2,12,11,33,42,41,9,250,100,100,200,0.002,-5e-04,0.0015,0.001
"559",2,34,13,1,12,11,13,33,150,150,250,100,0.002,5e-04,0,0.00175
"560",5,2,37,45,7,45,34,12,150,250,250,150,0.002,0.0015,5e-04,0.002
"561",12,3,7,36,34,43,3,6,300,100,250,200,5e-04,0,0.00125,0.00075
"562",35,2,42,13,43,39,12,35,150,250,250,200,0,0.00075,-0.00025,5e-04
"563",39,4,5,33,11,3,13,1,200,150,250,250,0.00075,-0.00025,0.00125,0.001
"564",45,1,38,13,37,42,45,39,250,200,100,200,-0.00025,0.00025,0.002,0
"565",10,43,33,45,9,4,42,39,150,250,100,250,-5e-04,-5e-04,0.002,5e-04
"566",35,8,44,13,45,11,8,40,250,150,100,200,0.0015,0.0015,0.001,-0.00025
"567",4,33,10,40,34,44,9,8,100,100,200,100,-5e-04,0.00075,5e-04,0.001
"568",12,43,40,35,38,35,6,42,200,300,200,150,0.00075,-5e-04,-5e-04,0.0015
"569",39,13,2,38,33,40,4,12,250,100,250,300,0.00175,5e-04,5e-04,0.002
"570",2,6,33,45,6,45,13,35,150,300,100,200,0.002,0.001,0,-0.00025
"571",37,33,42,2,2,45,37,44,100,250,300,150,-0.00025,0,0.00175,0.0015
"572",3,13,37,33,12,44,43,7,150,250,250,150,0.00025,5e-04,0.00025,0.00075
"573",12,9,12,34,37,13,2,8,300,250,200,100,-0.00025,0.00075,0.00125,5e-04
"574",2,9,45,35,11,2,35,34,300,300,200,250,0.00175,5e-04,0.00125,0.00075
"575",10,8,35,38,42,10,40,10,250,100,250,200,0.00075,-5e-04,0.00175,0.0015
"576",5,38,3,3,12,13,38,2,300,200,150,100,0,5e-04,5e-04,-0.00025
"577",6,13,35,11,2,11,9,43,300,200,250,200,0.0015,0.00025,0.001,0
"578",38,45,9,35,13,4,7,43,100,150,150,150,5e-04,0.00075,-0.00025,-5e-04
"579",5,37,12,43,37,44,13,12,200,300,200,150,-0.00025,0.0015,0.002,0.00025
"580",4,41,3,42,43,8,4,43,100,150,100,200,0.00175,0,0.00025,0.00075
"581",13,41,7,33,3,43,35,35,300,150,150,150,0.001,0.001,-5e-04,0.00125
"582",41,42,10,8,8,34,13,39,150,300,200,250,0.0015,0.0015,0.002,0
"583",1,42,8,3,41,12,33,9,250,100,100,200,0.001,-0.00025,0,0.00125
"584",39,42,4,3,2,38,37,2,150,250,250,250,5e-04,0,-5e-04,-0.00025
"585",38,33,10,12,41,6,45,8,100,200,150,300,5e-04,0.0015,0,0
"586",39,38,2,6,42,13,2,38,150,300,200,300,-0.00025,0.00025,0.00175,-0.00025
"587",5,38,45,11,41,2,35,1,250,250,250,200,5e-04,0.00125,0.00075,0.002
"588",35,8,42,8,40,39,1,6,100,250,250,250,-5e-04,0.00125,0.00075,-0.00025
"589",43,33,7,5,35,33,6,34,150,150,200,250,0.002,-5e-04,0,0.00075
"590",13,4,35,45,12,44,10,43,200,250,150,300,0,0.00175,0.00025,0.00175
"591",44,39,5,4,2,38,35,5,250,150,200,300,0.00075,0.00025,0.0015,-0.00025
"592",43,8,39,7,8,1,41,36,250,100,200,250,0,0.00075,-0.00025,0.002
"593",3,13,36,7,45,33,9,10,300,300,200,100,0.002,0.001,-0.00025,0.00075
"594",12,33,8,45,6,12,33,41,100,200,100,250,0,5e-04,0.0015,5e-04
"595",37,2,12,37,3,45,39,41,200,150,300,150,0.0015,0.002,0.00075,-0.00025
"596",2,43,37,2,5,39,9,39,250,200,150,100,0,5e-04,-0.00025,0.00125
"597",3,13,38,39,7,37,8,40,100,300,200,100,0.00025,-0.00025,0,0.0015
"598",43,6,35,5,37,12,6,34,200,200,250,300,0.001,-0.00025,5e-04,0.001
"599",36,38,38,8,12,1,36,33,200,150,300,250,0.00075,0,0.00125,-5e-04
"600",42,39,3,5,1,40,10,37,250,250,150,150,-5e-04,0.00175,0.001,0.002
"601",7,42,1,34,11,13,38,1,300,100,150,150,0.00175,0.00025,0.00125,5e-04
"602",33,35,11,3,2,45,4,36,250,300,150,300,-5e-04,5e-04,0.002,5e-04
"603",37,2,42,43,35,10,8,44,250,100,250,150,0.001,-0.00025,0.00025,0.00025
"604",45,13,38,1,13,38,36,6,100,250,150,100,0.0015,0.0015,-0.00025,0
"605",37,13,3,2,5,38,39,11,100,250,100,100,-5e-04,0.002,0.0015,-5e-04
"606",4,12,37,1,37,10,45,8,150,200,300,200,0.0015,-0.00025,0.00075,0.00075
"607",7,8,38,38,5,43,37,11,150,200,150,300,0.00025,0.002,-5e-04,0
"608",3,40,12,8,35,8,13,44,100,250,150,100,0,0.002,0.002,0.002
"609",11,42,35,11,45,44,10,10,250,200,100,200,-0.00025,0.00075,0.00175,0.00075
"610",44,13,40,1,36,1,5,43,250,200,300,100,0.00025,0.00075,0.00125,0.00125
"611",45,40,5,8,35,44,5,33,150,300,150,200,0.00025,5e-04,-0.00025,0.001
"612",4,39,37,8,38,2,43,10,300,250,250,200,0.00075,0.00025,0.0015,0.00125
"613",41,42,2,1,34,8,42,11,100,300,250,100,-5e-04,5e-04,0.00025,5e-04
"614",2,34,12,3,42,39,4,9,250,200,200,150,0.00125,0.001,0,0
"615",41,4,13,41,1,8,2,39,200,200,200,200,5e-04,0.001,5e-04,0.00025
"616",34,9,10,44,42,4,38,7,300,300,100,200,0.001,-5e-04,0.002,0.00125
"617",41,7,8,36,10,35,1,1,100,150,150,250,0.0015,-0.00025,0.002,0.00025
"618",35,36,5,10,2,38,43,8,100,150,300,250,-5e-04,-0.00025,0,-5e-04
"619",44,34,34,6,3,41,8,13,150,300,100,250,0.001,0.0015,-0.00025,0.002
"620",9,2,42,12,7,38,35,37,150,200,200,250,0.0015,0.0015,0.001,0.002
"621",1,39,11,8,9,37,8,36,200,150,300,150,-5e-04,0,-5e-04,0.00025
"622",34,40,6,35,12,40,44,1,200,250,150,200,0.00025,0.0015,0.00025,0
"623",43,6,6,35,3,35,2,11,250,100,250,300,-0.00025,0.002,0.002,0.00175
"624",38,5,42,13,9,34,38,7,200,250,200,100,-5e-04,-5e-04,0.002,5e-04
"625",33,4,5,43,38,3,35,35,100,100,100,200,0.001,-5e-04,0.00125,0.00125
"626",36,9,45,37,12,8,40,1,300,250,100,200,0.0015,0.00125,5e-04,0.00075
"627",7,43,10,3,13,12,33,3,150,300,100,300,-0.00025,0,0.00025,0.00025
"628",13,43,12,36,39,1,13,9,250,250,200,300,0.00175,0.0015,0.002,0
"629",34,6,11,34,6,40,1,35,100,300,250,300,0.00075,0.0015,5e-04,5e-04
"630",39,38,2,2,38,11,43,7,150,100,200,300,0.00075,-0.00025,0.00075,5e-04
"631",5,2,45,38,4,44,6,41,200,300,250,100,0.00025,0.002,-0.00025,0.00075
"632",12,41,7,1,2,41,12,43,150,300,200,250,0,0.00175,0,0.00025
"633",12,42,38,38,41,33,44,5,150,150,100,200,0.00125,0.00075,0.0015,0.0015
"634",5,4,33,35,1,34,42,1,150,150,250,250,0.00175,0.00125,0.00025,-0.00025
"635",34,45,7,44,12,39,6,3,300,100,150,150,0,0.00025,5e-04,0
"636",8,36,3,8,44,7,33,12,300,200,300,200,0.00075,0.002,0.00075,-5e-04
"637",8,45,34,9,5,11,1,43,250,150,100,100,0.00075,0.00075,0.002,-5e-04
"638",34,40,12,4,43,34,33,2,200,100,300,200,-5e-04,-0.00025,0,0.00125
"639",11,43,43,10,40,12,44,12,150,200,200,300,0.00025,0.00125,0.00125,5e-04
"640",1,6,33,12,9,34,12,43,100,200,150,200,0.00125,-0.00025,-5e-04,-0.00025
"641",44,4,35,34,45,5,7,41,300,250,250,100,0.00075,0.00025,0.00075,0.00025
"642",7,5,12,9,43,4,12,33,300,100,300,200,5e-04,0.001,-0.00025,0.00175
"643",37,13,4,8,2,12,33,1,200,100,250,150,0.002,0.001,0.00125,5e-04
"644",40,9,43,2,44,1,13,13,150,300,300,300,0.00075,0.00175,0.0015,0.00175
"645",12,7,34,35,7,38,3,34,300,250,200,200,5e-04,-0.00025,0.00175,-5e-04
"646",44,41,5,5,36,13,5,40,200,150,150,300,5e-04,0.001,0.001,0.00025
"647",40,7,12,33,11,5,43,37,200,150,200,100,0,0.00175,0.002,0.001
"648",8,45,34,35,13,10,8,44,150,100,200,250,0.002,0.00125,-0.00025,0.00125
"649",37,12,5,36,43,2,13,10,200,300,250,250,0.001,0.00175,0,0.002
"650",35,13,13,40,1,40,10,11,100,200,100,250,0.00025,-5e-04,0.001,0.00125
"651",11,36,9,44,8,11,44,35,150,300,200,150,0.00025,0.00025,0.00125,5e-04
"652",1,7,39,36,13,33,42,10,150,200,150,200,0.0015,0.002,0.002,0.001
"653",1,44,44,33,13,5,44,35,150,300,150,150,0.0015,0.00125,0.00175,0.001
"654",40,1,4,43,7,33,1,36,100,300,150,200,0.00125,0.0015,0.00175,0.00025
"655",38,8,36,41,44,12,34,6,100,200,150,300,0.002,0.00125,0.00125,0.00025
"656",43,39,7,44,34,12,6,1,150,100,300,250,0.00125,0.00075,0.0015,0
"657",34,40,6,44,33,12,10,44,300,150,150,250,0.00075,0.00175,0.0015,0
"658",41,43,13,2,37,3,12,37,250,300,300,300,-0.00025,0,0.00075,0.00075
"659",5,38,35,12,9,34,4,38,150,300,150,300,-5e-04,-5e-04,-5e-04,5e-04
"660",5,42,36,13,4,13,35,45,300,150,300,100,-0.00025,0.001,0.00075,0
"661",42,45,9,1,34,6,41,11,200,300,150,200,0.00125,0,0.00125,-0.00025
"662",37,13,4,38,5,38,43,43,200,100,250,150,0.0015,0.00175,0.0015,0.00175
"663",5,34,13,36,40,39,2,13,200,100,300,250,0.00075,0.001,0.00125,0.002
"664",5,36,1,40,36,36,3,13,150,200,150,250,0.00025,5e-04,-0.00025,0.00125
"665",12,42,2,35,8,34,7,5,150,150,100,200,0.0015,0.00175,0.0015,0.00175
"666",38,45,5,34,8,42,7,43,300,100,300,300,0.00075,0.001,0.00175,0.001
"667",2,11,43,35,3,39,35,12,200,300,250,300,0.00025,0.001,0.00175,-5e-04
"668",40,12,4,8,33,37,44,2,250,300,200,250,0.0015,0.00075,0.00075,0.001
"669",43,8,8,42,8,45,9,42,100,100,200,300,0.00175,0.001,0.00025,0.002
"670",45,39,13,4,36,2,39,5,100,300,150,100,-5e-04,5e-04,0.00075,-5e-04
"671",2,10,35,33,11,44,2,35,200,150,300,300,-5e-04,5e-04,-0.00025,0.00125
"672",39,1,44,12,44,43,7,4,200,250,250,100,0.00025,0,5e-04,0.00075
"673",4,33,36,40,39,12,2,42,300,100,200,100,0.002,0,0,-5e-04
"674",8,35,45,42,7,8,1,38,100,250,300,250,0.001,-5e-04,-0.00025,5e-04
"675",35,37,2,40,34,13,4,2,300,250,300,200,0.00025,0.002,0.00025,0
"676",33,44,43,6,10,36,6,44,150,250,200,150,-5e-04,0.00075,5e-04,5e-04
"677",2,45,33,4,1,40,37,42,200,300,200,250,0.001,0.00125,0.00125,0.00075
"678",9,41,3,12,44,37,5,12,100,300,100,100,-0.00025,-5e-04,0.002,0.00125
"679",42,41,12,6,4,41,5,35,100,150,250,300,0.00025,0,0.00075,0.00025
"680",11,44,4,44,7,2,37,41,150,100,250,250,-0.00025,0.00075,0.001,0.00075
"681",11,37,2,10,40,40,45,1,300,300,150,250,5e-04,0,-0.00025,-5e-04
"682",45,36,9,5,7,43,6,38,200,150,300,150,0.00175,0.001,0.002,0.001
"683",2,35,45,7,5,33,2,45,100,200,200,150,-5e-04,-0.00025,0.00175,0.00175
"684",1,11,34,6,40,45,11,13,200,150,300,100,5e-04,5e-04,-0.00025,5e-04
"685",41,41,12,11,33,7,36,1,250,100,250,300,5e-04,0.0015,0.002,0.00075
"686",13,40,3,34,8,4,11,38,100,250,100,200,0,0.00175,0.001,0.00125
"687",34,37,41,10,34,45,2,45,250,200,250,100,0.002,0.001,0.0015,0.00025
"688",43,3,13,3,38,33,7,1,300,200,250,300,0.001,0.00075,0.00025,5e-04
"689",6,8,9,35,45,34,7,8,200,250,250,150,-0.00025,0.0015,0.00125,0.001
"690",11,45,44,8,44,1,34,7,250,150,150,100,0.0015,-0.00025,0.00075,5e-04
"691",34,8,12,42,36,39,9,4,150,200,100,300,0.00175,0,0.0015,0.0015
"692",6,44,13,10,42,5,34,4,200,100,150,100,-5e-04,-5e-04,0.0015,0.00075
"693",34,3,12,42,43,36,3,1,300,300,250,200,-0.00025,0.00025,-5e-04,-5e-04
"694",41,41,6,9,1,42,13,45,150,300,300,300,0.00025,0.0015,0.00125,0.002
"695",8,35,8,43,40,37,3,13,300,300,200,100,-0.00025,5e-04,-5e-04,0.0015
"696",45,35,44,1,39,33,5,36,300,300,300,250,-5e-04,-0.00025,0,-0.00025
"697",3,40,12,2,36,39,10,2,150,100,100,250,0.00075,5e-04,0.00075,5e-04
"698",40,42,1,45,34,2,45,44,300,100,300,150,0.00175,0.00075,0.00125,0
"699",39,34,13,11,43,9,39,5,250,150,300,200,0.002,-5e-04,0.002,0.00175
"700",3,36,39,7,11,13,42,38,150,100,250,250,0.00075,-5e-04,0.001,5e-04
"701",37,10,44,12,43,4,12,34,250,300,300,200,5e-04,5e-04,0.00075,0.00175
"702",12,40,34,6,3,44,3,39,300,200,250,200,0.002,0.0015,0.00025,0
"703",36,41,12,9,4,42,1,36,300,250,100,200,0.002,0.00075,0.00125,0.00175
"704",43,9,34,7,8,3,37,36,150,100,250,300,0.00175,0.00025,5e-04,0.00025
"705",13,40,6,37,44,8,9,33,100,250,300,200,0,0.00075,-0.00025,0
"706",37,36,9,1,11,40,42,5,250,250,100,200,-0.00025,0.0015,0.002,0.00075
"707",6,4,45,34,11,42,3,34,100,250,100,100,5e-04,0.00025,-5e-04,0.001
"708",34,1,4,44,37,4,37,8,150,100,200,250,5e-04,0,0.002,0.0015
"709",33,43,4,12,42,11,37,1,250,250,150,300,0.00175,0.00125,0,0.0015
"710",37,36,4,12,9,41,1,10,200,300,250,300,0,5e-04,5e-04,0.00175
"711",34,2,4,39,35,11,34,1,100,300,300,200,0,0.001,0.00125,0.002
"712",5,43,7,37,44,12,33,2,250,100,200,250,5e-04,0,-0.00025,5e-04
"713",3,34,13,2,3,40,43,36,150,200,150,100,0,0.002,5e-04,-5e-04
"714",3,13,11,34,40,44,8,38,300,100,150,250,0.002,0.002,5e-04,0.00125
"715",3,38,8,42,13,6,41,41,100,300,100,150,0.00075,0.00125,-0.00025,0.00075
"716",44,1,13,37,7,5,3,43,300,100,300,250,0,0.001,0.00175,-0.00025
"717",6,43,43,8,6,38,11,34,100,100,150,250,0.00075,0.001,0.00075,0.001
"718",13,38,5,38,11,11,40,44,200,250,250,100,0.001,-5e-04,0.00025,-5e-04
"719",45,13,44,3,39,1,5,34,250,150,250,300,0.00075,0,5e-04,0.001
"720",10,40,39,39,42,45,1,13,200,150,150,300,0.00125,0.0015,-5e-04,0.002
"721",12,44,6,43,35,13,5,35,250,250,150,300,5e-04,5e-04,0.002,0.0015
"722",38,39,5,9,1,41,5,33,250,150,200,250,0.00125,0,0.001,0.00025
"723",1,1,43,35,37,10,8,42,100,300,100,300,5e-04,0.001,-0.00025,0.00025
"724",8,12,43,37,8,36,38,7,100,300,100,100,-0.00025,0.00075,-0.00025,5e-04
"725",33,10,4,34,7,9,40,35,300,100,150,300,0.00175,0.00075,-0.00025,0.00125
"726",38,40,3,10,37,9,36,4,150,200,250,150,0.00075,5e-04,0.00025,0.00075
"727",43,37,8,38,42,10,10,33,200,250,150,300,0.001,5e-04,0.00075,5e-04
"728",34,9,36,5,44,9,4,33,200,200,100,100,0.00075,0.00125,-0.00025,0.00125
"729",1,39,3,44,35,8,7,37,200,250,300,300,0.00075,5e-04,0.00075,0.001
"730",38,37,12,43,1,13,1,38,150,300,200,200,0.002,0,-0.00025,0.00075
"731",33,39,12,8,12,37,39,2,250,300,150,200,0.001,0.00025,-0.00025,0
"732",6,45,45,35,37,1,42,2,300,300,150,250,0.002,0.00125,0.00175,5e-04
"733",1,40,4,33,1,3,12,34,250,200,250,250,5e-04,-5e-04,0.00025,0
"734",4,38,1,38,35,34,8,10,300,100,200,150,0.00125,0.002,5e-04,0.00125
"735",33,12,41,11,11,43,43,8,150,250,250,100,0.00125,0.00025,0.00175,-5e-04
"736",37,9,2,43,39,39,4,6,200,100,150,150,-0.00025,0.0015,0.002,0.00075
"737",11,33,40,7,33,6,39,9,200,250,200,200,0.001,0.00025,0.001,0.002
"738",2,44,6,12,9,41,36,7,150,150,200,100,0.002,-0.00025,0.002,0.00075
"739",43,13,34,3,11,2,39,34,100,200,300,250,0,0.00175,0,0.002
"740",7,38,10,36,43,4,11,33,100,150,300,100,0,0.00125,0.001,-0.00025
"741",7,13,2,43,2,42,38,39,200,100,100,200,0.002,0.001,0.00125,0.00175
"742",1,44,39,11,9,5,39,11,300,250,200,200,0.00125,0.001,0.00175,0.00175
"743",33,1,33,41,7,36,43,34,200,250,250,250,0.00075,0.00075,0.0015,0.00175
"744",35,3,40,10,38,39,5,11,250,300,250,300,0,-0.00025,0.0015,0.00175
"745",3,13,3,33,45,35,8,9,200,250,100,300,0.00175,5e-04,0.00025,0.00075
"746",42,2,5,40,3,43,10,33,300,200,200,300,0.00025,0.00025,0.00175,0.002
"747",40,12,6,2,43,12,36,1,150,150,250,100,0.00175,0.00075,0.00175,-5e-04
"748",3,33,35,40,11,36,1,10,300,150,200,150,0.0015,0.00175,0.00125,0.00125
"749",34,1,13,39,36,8,11,3,250,250,150,200,-5e-04,0.00125,-5e-04,0.00025
"750",6,6,43,35,42,2,33,12,250,300,150,150,-5e-04,0.00125,0.00075,0
"751",44,6,3,42,34,3,38,45,200,100,100,100,5e-04,5e-04,0.00175,5e-04
"752",35,39,6,12,36,1,5,44,150,300,300,250,5e-04,0,0.00025,-0.00025
"753",40,8,2,44,35,12,44,7,250,200,100,150,0.0015,0.001,0.00025,0.00125
"754",34,7,8,38,36,10,41,5,100,100,150,300,0.00175,0,0.00175,5e-04
"755",34,9,45,4,45,33,2,13,150,150,100,300,0.00075,0,-5e-04,0
"756",36,41,13,40,35,45,34,10,250,100,300,300,0.00025,0.0015,5e-04,5e-04
"757",35,45,11,3,11,2,45,10,300,200,200,150,5e-04,-5e-04,0.002,0.0015
"758",35,4,40,4,7,3,38,42,200,100,100,200,-0.00025,0.00175,5e-04,0.00125
"759",7,43,33,39,7,7,34,43,250,250,300,150,0.001,0.001,-0.00025,0.0015
"760",11,8,44,35,11,34,10,34,200,150,300,200,0.00125,5e-04,0.00175,0.0015
"761",45,6,10,11,6,13,43,1,250,150,300,250,-5e-04,0.002,-5e-04,0.00075
"762",34,40,11,5,33,5,7,35,150,200,250,200,0.002,0.0015,0.00175,0.00075
"763",9,8,42,39,12,35,2,36,300,250,150,100,-0.00025,-0.00025,-0.00025,0.00025
"764",7,35,5,34,34,41,45,3,300,300,100,200,5e-04,0.00175,0.00075,-0.00025
"765",38,1,41,10,45,8,4,38,150,200,300,150,0,5e-04,0.00025,-0.00025
"766",40,43,9,33,1,33,11,10,300,250,200,200,0.001,-5e-04,0,0.00075
"767",12,44,1,44,35,10,7,33,150,100,150,300,5e-04,0.00125,5e-04,0
"768",11,7,45,41,1,44,12,2,300,150,200,150,0.00025,0.001,-0.00025,-0.00025
"769",10,35,4,43,8,2,37,33,150,250,300,300,0.001,0.002,-5e-04,0.001
"770",38,5,4,43,10,35,1,39,200,150,300,300,0.002,0.00025,5e-04,0.001
"771",36,6,44,2,38,40,4,1,150,100,250,150,-0.00025,5e-04,0.00175,0
"772",40,34,2,44,43,9,44,1,300,250,150,300,-0.00025,0.002,-0.00025,0
"773",33,44,4,5,36,33,38,2,100,200,250,100,0.002,-5e-04,0.001,0
"774",11,42,13,41,11,4,1,41,100,100,150,150,0.00025,0.00025,0.00075,0.002
"775",36,8,4,36,34,34,5,9,100,150,200,250,0.00175,5e-04,5e-04,0.00175
"776",41,2,35,9,2,3,45,44,200,150,200,250,-0.00025,0,5e-04,0.00175
"777",7,3,36,38,39,5,43,33,150,150,250,200,0.00125,0,0.0015,0.00125
"778",13,3,35,4,36,45,45,10,250,100,150,100,0.00075,-0.00025,0.0015,0.001
"779",36,7,34,41,37,38,13,5,300,100,250,100,0.00075,0,0.0015,0.00075
"780",42,2,3,11,40,33,9,42,250,100,150,150,0.001,5e-04,-0.00025,0.00125
"781",43,45,36,13,44,13,7,42,150,250,300,200,0.001,0.00075,0.0015,0.001
"782",8,4,36,36,13,36,11,34,300,250,300,300,5e-04,0.002,0.00175,-0.00025
"783",43,12,34,13,2,40,7,4,100,200,150,200,-0.00025,-0.00025,0.00075,0.00125
"784",8,12,33,45,33,13,11,42,150,300,250,300,0.00125,0.002,0.00175,-0.00025
"785",11,40,37,13,11,43,13,45,200,100,100,300,0.001,5e-04,0.00075,0.002
"786",33,1,42,44,13,13,3,40,200,100,300,150,0.00075,0.002,0.00175,0.002
"787",45,40,1,12,42,2,1,42,250,200,200,150,-5e-04,0.001,0.002,-5e-04
"788",34,3,40,43,39,13,3,13,300,100,200,300,-0.00025,0.00075,0.0015,5e-04
"789",33,38,6,8,10,37,39,4,100,300,250,150,0,0.00075,0.00075,0.002
"790",11,5,35,45,42,9,38,39,100,250,100,100,0.0015,0.00125,0.001,-5e-04
"791",35,44,44,42,42,13,33,2,150,200,250,200,0.00125,0,5e-04,0.001
"792",34,43,3,43,12,41,38,6,150,200,200,100,5e-04,-0.00025,-5e-04,-5e-04
"793",2,45,44,34,44,36,13,37,100,200,300,100,-0.00025,0,0.0015,0
"794",8,44,42,3,4,44,12,43,200,250,250,300,0.00025,0.00175,0.00175,0.001
"795",2,37,34,9,3,13,38,39,150,250,150,300,0.00125,0.00075,5e-04,-0.00025
"796",42,42,12,1,38,9,13,1,200,300,100,300,0.00175,-0.00025,0.002,5e-04
"797",37,34,3,13,44,33,34,33,200,100,300,100,5e-04,-0.00025,-5e-04,-0.00025
"798",38,12,10,33,2,35,7,39,200,300,250,100,0.0015,-5e-04,0.00025,0.0015
"799",13,6,43,33,36,44,3,43,200,300,100,300,0.001,0,0.00175,0.00175
"800",43,42,11,34,1,43,37,12,200,150,100,200,0.00025,-0.00025,0.00125,0.0015
"801",33,35,45,1,13,41,38,4,100,100,250,150,0.00175,0.00025,0,0.00175
"802",33,11,43,38,42,33,43,33,150,100,200,300,-5e-04,-5e-04,0.00125,0.00125
"803",7,39,36,40,7,1,12,35,300,100,100,300,0.001,0.00175,5e-04,0.002
"804",9,5,3,36,3,41,12,1,200,100,150,100,0.00175,0.00025,0.00025,0.00075
"805",35,39,13,6,33,8,13,44,150,300,100,250,0,0,-5e-04,5e-04
"806",36,2,11,37,7,6,12,37,200,200,200,200,0.00075,0.002,-5e-04,0.00175
"807",11,41,2,35,13,13,40,39,200,200,100,100,5e-04,0,0.00025,0.00075
"808",44,11,43,36,43,12,7,33,100,250,200,300,5e-04,0.0015,0.001,-5e-04
"809",9,6,42,34,42,3,7,35,300,150,100,150,0.002,0.001,0.002,0.001
"810",5,37,43,5,44,11,1,1,300,200,150,150,5e-04,0.00025,0.00025,0.001
"811",43,5,2,33,11,13,39,42,300,250,250,100,0.00125,-5e-04,0,-0.00025
"812",5,45,11,13,2,37,43,33,200,300,250,150,5e-04,0.001,0.002,0
"813",5,9,13,37,5,42,12,45,150,250,100,150,0,0.002,5e-04,0.002
"814",7,43,38,3,37,43,5,8,150,300,300,100,-5e-04,0.00175,0.00025,0.00175
"815",45,12,44,1,45,10,7,39,250,100,300,150,-0.00025,0.002,0.00125,0
"816",39,6,37,5,36,42,13,6,150,100,100,150,0.00075,0.00125,-5e-04,0
"817",10,10,40,43,8,35,36,5,100,200,200,100,0.00025,0.00125,-5e-04,-0.00025
"818",5,35,12,1,39,2,5,5,300,100,150,100,-0.00025,0.00075,-5e-04,0.00175
"819",33,9,9,44,12,33,1,35,300,150,200,250,0.001,-0.00025,0.00025,0.00075
"820",12,37,35,3,6,2,33,39,300,200,150,100,0.00025,-0.00025,-5e-04,5e-04
"821",7,13,36,43,7,37,40,10,150,250,200,200,5e-04,0.00175,0.00025,0
"822",40,10,12,35,1,34,13,13,100,100,150,100,0.00075,0.00125,0.00025,-0.00025
"823",8,39,33,2,11,5,34,42,250,100,150,100,0.002,0.00025,-0.00025,-5e-04
"824",42,10,37,3,45,1,8,9,250,100,300,300,-5e-04,0.00175,-0.00025,0.00175
"825",43,13,35,13,8,44,36,8,100,250,300,300,-0.00025,0.00075,0.00075,0.001
"826",4,42,9,38,36,40,2,1,150,150,300,200,-5e-04,5e-04,0,5e-04
"827",9,13,44,41,10,45,1,45,150,100,100,150,0.00075,-5e-04,0.00075,5e-04
"828",10,43,38,4,4,2,13,40,250,150,150,200,0.00175,0.001,0.00175,0.00025
"829",13,40,4,38,10,40,43,10,200,300,250,200,0.00075,0.002,0.00075,0
"830",11,4,12,33,37,1,8,41,250,300,250,200,0.00175,0.00025,0.00125,0.00075
"831",1,5,38,44,9,40,38,4,300,150,250,200,0.00075,-5e-04,5e-04,-0.00025
"832",1,7,44,39,9,44,12,36,100,100,150,150,5e-04,0.00075,0.00175,0.001
"833",1,44,44,1,41,4,40,13,250,250,100,300,0.00125,0.0015,0.00025,0.001
"834",1,38,12,43,33,42,39,12,150,200,300,150,5e-04,0.001,0.002,0.00075
"835",9,13,40,37,11,40,9,42,200,150,200,300,0.00025,0.001,0,0.0015
"836",8,34,42,10,7,37,8,33,150,200,100,200,0.00175,0.00175,0.001,0.00125
"837",38,12,39,5,2,44,37,36,100,300,250,150,0.00175,0.00175,0.001,0.00075
"838",2,34,34,12,43,13,40,35,300,250,250,150,0.00125,-0.00025,0.0015,0.0015
"839",44,34,40,7,11,45,34,42,300,150,300,250,0,0.0015,-5e-04,0.00125
"840",34,42,43,34,44,35,12,2,150,100,200,150,-5e-04,0.001,0.002,0.00075
"841",6,44,6,33,3,34,38,40,250,200,300,100,0.00025,0.002,0.00175,0.00025
"842",37,10,35,45,33,1,9,45,100,250,200,250,0.00125,0.00025,0.00025,-0.00025
"843",34,34,36,4,12,45,35,9,150,300,100,100,5e-04,0.00025,0.00025,0.001
"844",11,6,11,34,5,34,44,37,100,250,250,100,-5e-04,0.001,0.00025,0.00075
"845",4,2,12,40,35,6,42,42,200,150,150,150,-5e-04,0.00025,0.00125,0.0015
"846",12,35,43,34,40,7,42,34,250,200,150,100,0.0015,0.00075,0.0015,0.00125
"847",44,45,5,2,12,38,13,45,250,200,200,150,-0.00025,0,-5e-04,0.00075
"848",5,2,35,39,4,38,41,7,250,150,250,150,0,5e-04,0.001,0
"849",1,34,41,8,44,45,37,11,300,100,250,200,5e-04,0.00125,0,0.00175
"850",37,13,6,35,36,5,35,11,100,100,250,200,0.00175,0.001,0.00075,0.0015
"851",7,34,12,45,39,9,10,36,200,300,150,200,0.001,-0.00025,5e-04,0
"852",39,13,5,1,10,37,4,37,100,100,200,200,0.001,0,0.00025,0.00125
"853",36,41,5,43,10,45,36,2,250,200,200,150,0,-0.00025,-5e-04,0.00025
"854",2,35,13,1,45,12,4,8,250,150,250,150,0.002,-0.00025,0.00125,5e-04
"855",11,33,2,45,12,42,35,38,150,250,100,250,0,0.00075,0,5e-04
"856",34,11,7,1,43,33,10,34,150,100,150,150,0.00175,5e-04,5e-04,0.002
"857",2,39,7,43,3,12,40,35,200,250,150,250,-5e-04,0.002,0.0015,0
"858",37,12,39,6,41,10,8,34,250,250,150,250,0.001,0.00175,0.00075,-0.00025
"859",33,39,12,2,2,40,38,8,100,150,200,250,0.00075,0.002,0.0015,0.00125
"860",40,1,33,43,8,36,45,43,100,100,300,150,0.00075,0.00025,-5e-04,0.002
"861",10,43,7,39,8,12,35,35,150,100,150,300,0,0.001,0.00175,0.00125
"862",3,38,1,2,5,35,45,33,300,150,300,300,0.00175,0.00075,0.00175,0.002
"863",2,41,4,37,2,7,36,41,100,200,150,200,0.00025,0.00025,0.00175,0.002
"864",2,45,2,8,45,40,33,6,250,250,300,150,0.00175,-0.00025,0.001,0.001
"865",40,7,4,45,42,8,40,3,100,100,250,100,5e-04,0.00075,0.00075,0.00075
"866",8,40,44,10,2,1,34,12,100,150,250,100,5e-04,0.0015,0.002,-0.00025
"867",42,10,38,44,13,13,33,42,300,250,150,250,5e-04,0.00075,-5e-04,-0.00025
"868",13,45,1,41,10,38,12,4,100,100,300,150,5e-04,-0.00025,0.00025,0.002
"869",13,40,2,2,33,38,2,13,150,200,150,150,0.001,0.001,0.00175,0.001
"870",40,37,39,35,12,35,1,45,150,150,150,100,0,0.002,-5e-04,0.00075
"871",42,11,11,38,4,4,36,36,150,250,100,150,0.00125,0.002,0.00025,0.001
"872",37,45,12,44,43,36,12,10,250,150,200,200,0,0.00075,0,0.0015
"873",36,4,34,39,13,9,3,39,300,300,150,100,0.00175,-5e-04,0.001,-0.00025
"874",41,12,13,43,35,44,33,4,200,250,200,150,0.00025,0,5e-04,0.00075
"875",10,44,7,35,42,36,9,43,300,200,150,100,0.00175,0.002,5e-04,0.001
"876",1,40,4,13,2,2,41,35,150,300,150,100,-0.00025,0.00075,0.0015,0.002
"877",37,42,8,8,36,10,40,13,300,300,250,200,0.0015,5e-04,0.00025,0.00075
"878",35,2,42,45,39,3,4,33,250,200,100,250,0.002,-0.00025,-5e-04,-0.00025
"879",42,40,12,3,36,6,41,10,150,100,250,200,0.00025,0.00075,0.00075,0.00025
"880",43,10,39,33,8,45,33,7,300,300,300,250,0.001,0.00025,-0.00025,-0.00025
"881",44,12,6,45,41,10,33,9,200,150,200,300,0,0.002,0.002,-5e-04
"882",40,7,45,10,13,40,44,10,300,200,250,300,0.00125,0.00125,0.00025,0.002
"883",37,13,3,45,40,3,44,2,100,250,150,150,0.00025,0.00075,0,-0.00025
"884",45,8,33,1,1,33,8,13,150,150,150,250,0.0015,0,0.0015,0.0015
"885",43,44,33,10,11,36,5,6,150,100,300,200,0.00025,5e-04,0.00125,0.001
"886",37,5,35,3,38,45,11,8,100,100,250,250,0.0015,0.00175,0,0.0015
"887",45,5,4,35,9,8,34,10,100,150,100,300,-5e-04,-5e-04,0.0015,0.00075
"888",38,2,9,1,8,43,34,2,300,150,300,250,0.001,0.002,0.00025,0.00175
"889",13,38,5,36,2,13,36,3,150,100,250,200,0.0015,0.002,0.001,5e-04
"890",42,5,7,38,36,33,45,4,200,150,100,100,0.00075,-5e-04,0.001,0.00125
"891",40,4,2,35,9,9,41,37,100,300,250,300,0.002,-0.00025,0.00025,0
"892",11,11,43,35,35,10,41,7,200,100,300,300,0.001,0.00125,0.00175,0.0015
"893",36,6,42,45,35,9,11,42,100,100,250,200,0.002,-0.00025,0,0.00025
"894",34,44,7,33,5,45,6,35,150,250,100,250,0.00075,0.00125,0.00025,0
"895",44,12,37,13,34,35,10,11,250,250,200,300,0.00125,-0.00025,0.00025,0.0015
"896",43,45,10,35,36,12,1,1,200,300,200,300,0.002,0.0015,0.00175,0.0015
"897",36,6,3,34,34,42,13,12,200,250,150,250,0.00125,0.00075,0.00175,0.00025
"898",43,12,10,39,8,6,39,35,300,250,200,200,0.002,0.00025,0.0015,0
"899",37,1,11,3,43,10,33,44,150,250,100,150,0.002,0.0015,0.00125,-5e-04
"900",38,1,4,13,35,34,5,35,200,100,300,300,0.001,0.00075,-0.00025,5e-04
"901",11,36,39,4,13,7,39,5,150,250,250,250,0,0,5e-04,0.001
"902",8,9,6,35,1,44,12,3,300,150,150,200,0.00125,0.00075,0.00075,0.001
"903",2,38,35,11,45,42,3,9,250,200,200,250,0.00125,0.0015,0.0015,5e-04
"904",6,33,43,41,33,11,8,41,250,150,200,300,0.002,0,5e-04,-0.00025
"905",36,40,3,38,3,33,8,13,250,150,300,200,0.00025,-5e-04,0.00125,0.0015
"906",43,45,12,34,2,33,44,37,150,150,300,200,-5e-04,-0.00025,0.00025,0.002
"907",1,39,33,12,42,2,40,37,300,200,150,200,-0.00025,-0.00025,0.00025,5e-04
"908",45,3,45,34,45,39,33,12,250,100,200,250,5e-04,0.00125,5e-04,0.0015
"909",38,34,8,2,10,38,12,36,100,100,100,150,0.00025,-5e-04,0.00125,-5e-04
"910",11,36,43,10,9,12,38,40,250,300,300,300,0.00175,-0.00025,5e-04,0.001
"911",33,37,13,42,36,13,1,44,250,200,250,200,-0.00025,0,-5e-04,0.001
"912",34,1,8,41,3,6,36,11,100,100,300,100,-0.00025,0.00075,-0.00025,0.002
"913",34,3,10,6,7,1,41,12,150,100,200,300,0.00025,-0.00025,0.00175,-0.00025
"914",45,37,13,6,34,12,4,38,150,250,200,150,0.0015,0,0.002,0.002
"915",33,10,42,39,33,11,11,42,200,300,250,200,-5e-04,0.00075,0.001,-0.00025
"916",38,2,4,38,36,4,36,9,200,150,100,100,0.00125,5e-04,5e-04,0.002
"917",11,45,4,39,2,12,41,35,200,150,250,200,0.002,-0.00025,-0.00025,0.00075
"918",8,7,37,9,13,1,12,37,150,200,150,200,0.00125,-5e-04,0.00125,0
"919",39,3,37,10,9,37,39,8,250,200,150,300,0,0,-5e-04,5e-04
"920",6,9,45,35,35,4,33,34,300,100,150,100,-0.00025,0,5e-04,0.00025
"921",37,13,1,41,42,40,13,6,200,100,200,200,0.00125,0.0015,0.00025,0.00025
"922",40,10,10,40,12,43,8,45,100,150,250,200,0.00175,-5e-04,0,0.002
"923",3,1,36,33,10,45,39,1,150,300,200,300,5e-04,0,0.00025,5e-04
"924",12,37,8,40,13,13,44,36,100,200,100,200,0.00025,5e-04,0.001,0.00075
"925",2,43,34,8,42,10,1,11,100,200,300,200,-0.00025,-5e-04,0.00175,0
"926",13,36,39,4,38,35,6,44,100,100,150,100,-0.00025,-0.00025,0,0.00075
"927",6,43,9,41,6,12,45,33,200,100,150,100,0.002,5e-04,0.00025,0.00075
"928",1,42,38,12,8,2,38,34,250,300,200,300,0.0015,0.00125,0,0.00075
"929",37,38,12,7,44,33,38,7,100,300,200,250,0.001,-0.00025,0.001,-5e-04
"930",12,37,33,44,43,5,42,45,150,200,200,250,0.00125,0.00025,5e-04,0.00075
"931",13,40,2,5,7,2,11,33,300,150,250,200,0,0.00175,0.00125,0.00175
"932",45,7,7,41,8,2,36,42,250,150,100,200,0.001,-0.00025,5e-04,5e-04
"933",33,1,35,43,7,39,38,8,250,150,300,150,0.00075,0.002,0.00075,0
"934",45,1,43,11,43,36,3,44,250,200,150,300,-5e-04,0.00175,0,-0.00025
"935",4,42,6,40,6,37,37,5,250,250,300,300,0.001,0.001,0.001,0.0015
"936",12,33,35,2,12,35,10,41,200,150,100,200,0,0.00175,0.0015,0.0015
"937",34,3,45,41,3,36,1,38,100,150,300,150,0.00025,-5e-04,0.00175,0.002
"938",36,7,35,10,6,11,33,43,150,300,100,150,0,0.00125,0.00075,0.001
"939",3,33,43,10,8,35,45,38,100,100,200,250,0.00025,0.002,5e-04,-0.00025
"940",33,1,42,43,7,42,13,36,200,300,250,150,5e-04,-5e-04,0,0
"941",5,10,33,43,1,35,9,7,150,150,250,300,0,0.0015,5e-04,0.00125
"942",7,44,10,39,4,12,37,38,250,250,250,150,-5e-04,-5e-04,0.00175,-5e-04
"943",38,7,7,38,9,8,40,33,300,250,300,250,5e-04,0.00075,0.00175,0.0015
"944",2,4,38,43,8,39,10,40,200,150,100,100,0.00175,0.0015,5e-04,0.00175
"945",35,12,41,13,33,37,11,10,200,250,250,300,0,-5e-04,0.00125,0.00075
"946",35,6,7,2,10,2,35,44,250,100,100,100,5e-04,0.00125,0.00075,-5e-04
"947",13,40,33,10,10,13,37,38,150,150,200,100,-5e-04,0.00075,-0.00025,0.002
"948",41,6,4,43,44,13,43,12,300,200,300,200,5e-04,5e-04,0.001,0.0015
"949",10,38,1,35,40,10,12,34,300,300,250,250,5e-04,0.00125,0.001,0.00075
"950",11,39,33,4,2,45,8,40,200,300,250,150,-5e-04,0.00025,-0.00025,0.002
"951",44,34,34,8,5,1,12,43,300,150,300,300,0.00025,5e-04,5e-04,0.002
"952",37,33,11,35,36,12,11,2,200,300,250,150,-5e-04,0.0015,5e-04,0.0015
"953",38,36,44,1,3,34,41,9,150,300,100,250,0.002,0.001,-0.00025,5e-04
"954",11,2,44,39,42,1,4,35,300,100,100,300,5e-04,0.002,0.00175,0.00125
"955",13,43,9,1,13,8,41,11,100,250,200,150,-0.00025,-0.00025,0.002,0.00125
"956",8,42,35,36,38,34,43,13,250,200,250,200,-0.00025,-5e-04,0.00125,0.001
"957",10,36,40,5,35,5,43,4,150,100,100,150,-5e-04,0.002,0.00025,0.00025
"958",45,2,36,34,45,39,1,12,150,150,250,250,0.001,0.00175,0.0015,0.0015
"959",8,9,35,37,4,41,6,43,200,250,100,250,0.001,5e-04,5e-04,0
"960",3,11,1,35,4,38,45,35,300,150,150,100,-0.00025,0.00025,0.0015,5e-04
"961",40,10,11,36,5,42,6,45,250,100,200,150,0.001,0.00075,0.00025,0.001
"962",11,36,44,4,13,44,8,34,300,300,200,150,5e-04,0.002,0.002,0.001
"963",12,40,4,33,33,37,7,4,250,150,150,300,0.00075,0.00075,-5e-04,0.0015
"964",2,43,34,12,4,37,6,13,300,300,250,300,0.00025,0.001,-0.00025,0.001
"965",39,45,3,36,1,40,13,11,100,150,150,250,0.00125,0.001,0.00075,0.001
"966",43,3,8,36,13,12,34,3,200,100,300,150,-0.00025,0.0015,0.00125,0.00075
"967",2,45,41,37,41,42,10,33,250,300,100,200,-5e-04,0.0015,0.00025,0
"968",38,45,8,35,33,41,3,43,200,100,250,250,5e-04,0.00025,0.00025,0
"969",36,45,3,38,2,34,9,13,300,100,250,200,5e-04,0.00075,0.0015,0.001
"970",7,3,9,37,45,34,5,42,100,250,300,100,0,-0.00025,0.001,0.00175
"971",45,42,5,13,7,34,2,33,150,200,100,200,0,5e-04,0.0015,0.002
"972",13,37,8,43,36,12,45,40,150,200,250,200,5e-04,0.001,-5e-04,0.002
"973",40,4,45,10,37,12,11,34,100,250,150,300,0,-0.00025,0.00175,0.00175
"974",12,6,34,40,9,39,7,38,100,100,250,100,0.002,0.00025,0.00025,-5e-04
"975",36,44,2,42,2,11,33,36,100,200,150,150,0.00025,0.002,0.00025,0.001
"976",13,44,38,2,44,33,9,37,250,300,200,100,0.002,0.00125,0.00075,0.001
"977",34,5,34,6,41,12,11,44,200,250,200,200,0.001,0.00025,-5e-04,0.00025
"978",36,33,8,8,9,34,44,13,150,300,200,300,0,0,-0.00025,-0.00025
"979",40,41,39,8,45,33,4,40,250,200,300,150,0.00025,0.0015,0.00125,0.002
"980",13,44,41,11,7,39,10,35,200,300,300,100,0.0015,0.00125,0.00175,0.0015
"981",35,42,5,2,34,1,37,12,200,100,150,250,0.002,-5e-04,-5e-04,0.00125
"982",34,38,3,6,34,13,2,39,250,200,250,150,0.00125,0.00025,-5e-04,0.001
"983",13,37,39,12,5,34,7,41,300,100,100,150,5e-04,-0.00025,0.00125,0.0015
"984",10,45,36,9,12,13,38,43,250,250,100,200,-0.00025,0.001,0.00175,0
"985",12,9,40,45,6,35,34,4,150,100,200,100,5e-04,0.00075,0.0015,0.00175
"986",8,2,35,36,38,11,42,2,250,200,150,300,0.0015,0.00025,-5e-04,-5e-04
"987",12,42,35,3,42,12,44,3,250,250,300,100,0.0015,0.0015,0.0015,0.00175
"988",37,37,11,1,1,39,8,10,300,150,200,200,-5e-04,-0.00025,0.002,0
"989",10,45,37,3,7,42,8,36,250,300,300,200,0.002,0.00075,0.00075,0.00075
"990",36,37,7,9,35,4,38,5,250,300,250,150,0.00075,-0.00025,0.00025,0.0015
"991",13,36,1,12,44,39,10,2,150,100,300,150,0.002,0,0.00175,0.00125
"992",7,34,41,9,44,36,13,8,250,250,300,250,-0.00025,0,-5e-04,0.002
"993",42,35,13,45,10,34,44,39,150,150,150,150,0.001,0.00075,0.00025,-0.00025
"994",43,12,35,8,35,45,44,11,250,300,300,300,0.00175,-5e-04,0.00075,0.002
"995",11,2,38,41,13,41,39,12,300,300,200,150,5e-04,0.0015,0.00025,0.001
"996",37,1,6,43,3,7,37,12,100,150,300,200,5e-04,-0.00025,0.0015,0.001
"997",10,42,7,4,36,5,13,1,100,250,200,250,0.0015,0.002,0.00125,0.001
"998",5,35,45,36,33,38,34,1,100,100,250,100,-5e-04,0,0.002,0
"999",2,12,42,35,39,4,1,33,250,250,200,300,0.00125,0,0.00175,-5e-04
"1000",36,38,6,3,2,37,42,2,150,300,100,100,0.0015,0.001,0.002,0.00125
